Mes,Año,Empresa,Tarifa,Abonados,Ventas,"Ingreso sin CVG","Ingreso con CVG","Precio Medio sin CVG","Precio Medio con CVG",Trimestre,Sistema,Trimestral
"Diciembre ",2025,CNFL,"Alumbrado Público",0,5221777.24,192784383.98,192784383.98,36.92,36.92,"IV Trimestre",Distribucion,"2025 4"
"Diciembre ",2025,COOPESANTOS,Residencial,49685,7043995,579458200,641552600,82.26,91.08,"IV Trimestre",Distribucion,"2025 4"
"Diciembre ",2025,COOPELESCA,Residencial,108073,19937840,1546824000,1633719000,77.58,81.94,"IV Trimestre",Distribucion,"2025 4"
"Diciembre ",2025,COOPEGUANACASTE,Residencial,82147,26467370,1863072000,2180751000,70.39,82.39,"IV Trimestre",Distribucion,"2025 4"
"Diciembre ",2025,COOPEALFARORUIZ,Residencial,6356,1543944,83966910,106147200,54.38,68.75,"IV Trimestre",Distribucion,"2025 4"
"Diciembre ",2025,CNFL,Residencial,539680,130242900,8301342000,10632540000,63.74,81.64,"IV Trimestre",Distribucion,"2025 4"
"Diciembre ",2025,"TOTAL NACIONAL",Promocional,30,539153,36758295,47081765,68.18,87.33,"IV Trimestre",Distribucion,"2025 4"
"Diciembre ",2025,ESPH,Residencial,85454,22693980,1535907000,1861652000,67.68,82.03,"IV Trimestre",Distribucion,"2025 4"
"Diciembre ",2025,CNFL,Promocional,30,539153,36758295,47081765,68.18,87.33,"IV Trimestre",Distribucion,"2025 4"
"Diciembre ",2025,JASEC,Preferencial,688,884066,43117180,53931760,48.77,61,"IV Trimestre",Distribucion,"2025 4"
"Diciembre ",2025,ICE,Preferencial,6788,9098918,628635300,812922400,69.09,89.34,"IV Trimestre",Distribucion,"2025 4"
"Diciembre ",2025,ESPH,Preferencial,946,3852251,205620580,249203390,53.38,64.69,"IV Trimestre",Distribucion,"2025 4"
"Diciembre ",2025,COOPESANTOS,Preferencial,516,133416.9,16324800,18075320,122.36,135.48,"IV Trimestre",Distribucion,"2025 4"
"Diciembre ",2025,CNFL,Preferencial,3233,13508572,647351700,829115400,47.92,61.38,"IV Trimestre",Distribucion,"2025 4"
"Diciembre ",2025,"TOTAL NACIONAL","Media tensión b",398,125399600,6271848100,7879003100,50.01,62.83,"IV Trimestre",Distribucion,"2025 4"
"Diciembre ",2025,"TOTAL NACIONAL",Preferencial,12171,27477223.9,1541049560,1963248270,56.08,71.45,"IV Trimestre",Distribucion,"2025 4"
"Diciembre ",2025,ICE,Residencial,805871,154259400,11188160000,14468880000,72.53,93.8,"IV Trimestre",Distribucion,"2025 4"
"Diciembre ",2025,JASEC,Residencial,95112,22556540,1187100000,1587305000,52.63,70.37,"IV Trimestre",Distribucion,"2025 4"
"Diciembre ",2025,"TOTAL NACIONAL",Residencial,1772378,384745969,26285830110,33112546800,68.32,86.06,"IV Trimestre",Distribucion,"2025 4"
"Diciembre ",2025,ESPH,"Ventas al servicio de Distribución",0,13938090,464583403.74,778663245.71,33.33,55.87,"IV Trimestre",Generacion,"2025 4"
"Diciembre ",2025,COOPESANTOS,"Ventas al servicio de Distribución",0,5257399,162107789.91,271700797.22,30.83,51.68,"IV Trimestre",Generacion,"2025 4"
"Diciembre ",2025,COOPELESCA,"Ventas al servicio de Distribución",0,7438936,171439146.7,287344120.95,23.05,38.63,"IV Trimestre",Generacion,"2025 4"
"Diciembre ",2025,COOPEGUANACASTE,"Ventas al servicio de Distribución",0,28847040,815621945.6,1367028056,28.27,47.39,"IV Trimestre",Generacion,"2025 4"
"Diciembre ",2025,COOPEALFARORUIZ,"Ventas al servicio de Distribución",0,2268002,64724805.57,108482312.15,28.54,47.83,"IV Trimestre",Generacion,"2025 4"
"Diciembre ",2025,"TOTAL NACIONAL","Ventas a ICE distribución y a la CNFL",0,741330268.35,20622304268.19,34561853664.21,27.82,46.62,"IV Trimestre",Generacion,"2025 4"
"Diciembre ",2025,ICE,"Ventas a ICE distribución y a la CNFL",0,446361490.35,12296588713,20608411120.62,27.55,46.17,"IV Trimestre",Generacion,"2025 4"
"Diciembre ",2025,CNFL,"Ventas a ICE distribución y a la CNFL",0,294968778,8325715555.19,13953442543.59,28.23,47.3,"IV Trimestre",Generacion,"2025 4"
"Diciembre ",2025,"Usuarios Directos","Usuarios Directos",17,40530900,821241700,1273301000,20.26,31.42,"IV Trimestre",Generacion,"2025 4"
"Diciembre ",2025,"TOTAL NACIONAL","Residencial modalidad prepago",5,498.95,34749.69,36701.03,69.65,73.56,"IV Trimestre",Distribucion,"2025 4"
"Diciembre ",2025,COOPELESCA,"Residencial modalidad prepago",5,498.95,34749.69,36701.03,69.65,73.56,"IV Trimestre",Distribucion,"2025 4"
"Diciembre ",2025,"TOTAL NACIONAL","Residencial horaria",9892,5744454,326013397.7,417614735,56.75,72.7,"IV Trimestre",Distribucion,"2025 4"
"Diciembre ",2025,ESPH,"Residencial horaria",24,14395,967257.7,1172435,67.19,81.45,"IV Trimestre",Distribucion,"2025 4"
"Diciembre ",2025,ICE,"Residencial horaria",182,119967,10084240,13040600,84.06,108.7,"IV Trimestre",Distribucion,"2025 4"
"Diciembre ",2025,CNFL,"Residencial horaria",9686,5610092,314961900,403401700,56.14,71.91,"IV Trimestre",Distribucion,"2025 4"
"Diciembre ",2025,ESPH,"Media tensión b",8,7345037,388634200,464292000,52.91,63.21,"IV Trimestre",Distribucion,"2025 4"
"Diciembre ",2025,ICE,"Media tensión b",229,71192380,3436555000,4444254000,48.27,62.43,"IV Trimestre",Distribucion,"2025 4"
"Diciembre ",2025,JASEC,"Media tensión b",22,13681790,681076200,802440700,49.78,58.65,"IV Trimestre",Distribucion,"2025 4"
"Diciembre ",2025,COOPELESCA,"Media tensión b",17,6677533,418035700,442104400,62.6,66.21,"IV Trimestre",Distribucion,"2025 4"
"Diciembre ",2025,ICE,"Comercios y servicios",116887,93476127,8253401240,10673575600,88.29,114.19,"IV Trimestre",Distribucion,"2025 4"
"Diciembre ",2025,ESPH,"Comercios y servicios",11717,16845198,1189557457.7,1441780235,70.62,85.59,"IV Trimestre",Distribucion,"2025 4"
"Diciembre ",2025,COOPESANTOS,"Comercios y servicios",3920,2043632.9,289245900,320255900,141.54,156.71,"IV Trimestre",Distribucion,"2025 4"
"Diciembre ",2025,COOPELESCA,"Comercios y servicios",14835,18312062,1579621900,1668717500,86.26,91.13,"IV Trimestre",Distribucion,"2025 4"
"Diciembre ",2025,COOPEGUANACASTE,"Comercios y servicios",19906,25709207,2021340600,2366489000,78.62,92.05,"IV Trimestre",Distribucion,"2025 4"
"Diciembre ",2025,COOPEALFARORUIZ,"Comercios y servicios",2011,877198,57636070,72827910,65.7,83.02,"IV Trimestre",Distribucion,"2025 4"
"Diciembre ",2025,CNFL,"Comercios y servicios",76522,97610750,8373700000,10724271000,85.79,109.87,"IV Trimestre",Distribucion,"2025 4"
"Diciembre ",2025,"TOTAL NACIONAL","Alumbrado Público",0,21534346.21,1035436713.05,1035436713.05,48.08,48.08,"IV Trimestre",Distribucion,"2025 4"
"Diciembre ",2025,JASEC,"Alumbrado Público",0,1280917.41,70434676.59,70434676.59,54.99,54.99,"IV Trimestre",Distribucion,"2025 4"
"Diciembre ",2025,ICE,"Alumbrado Público",0,12338406.72,629762600.71,629762600.71,51.04,51.04,"IV Trimestre",Distribucion,"2025 4"
"Diciembre ",2025,ESPH,"Alumbrado Público",0,647615.34,35003609.24,35003609.24,54.05,54.05,"IV Trimestre",Distribucion,"2025 4"
"Diciembre ",2025,COOPESANTOS,"Alumbrado Público",0,396315,15127062.3,15127062.3,38.17,38.17,"IV Trimestre",Distribucion,"2025 4"
"Diciembre ",2025,COOPELESCA,"Alumbrado Público",0,897245.49,44198830.5,44198830.5,49.26,49.26,"IV Trimestre",Distribucion,"2025 4"
"Diciembre ",2025,COOPEGUANACASTE,"Alumbrado Público",0,717378.67,46400052.38,46400052.38,64.68,64.68,"IV Trimestre",Distribucion,"2025 4"
"Diciembre ",2025,COOPEALFARORUIZ,"Alumbrado Público",0,34690.34,1725497.35,1725497.35,49.74,49.74,"IV Trimestre",Distribucion,"2025 4"
"Diciembre ",2025,JASEC,"Comercios y servicios",16309,11281675,786458800,1006834500,69.71,89.25,"IV Trimestre",Distribucion,"2025 4"
"Diciembre ",2025,JASEC,"Ventas al servicio de Distribución",0,50517085,1395107182.75,2338280643.23,27.62,46.29,"IV Trimestre",Generacion,"2025 4"
"Diciembre ",2025,"TOTAL NACIONAL","Comercios y servicios",262107,266155849.9,22550961967.7,28274751645,84.73,106.23,"IV Trimestre",Distribucion,"2025 4"
"Diciembre ",2025,COOPEALFARORUIZ,Industrial,25,237974,15063040.8,19042034,63.3,80.02,"IV Trimestre",Distribucion,"2025 4"
"Diciembre ",2025,CNFL,"Media tensión b",122,26502860,1347547000,1725912000,50.85,65.12,"IV Trimestre",Distribucion,"2025 4"
"Diciembre ",2025,"TOTAL NACIONAL","Media tensión a",802,85504406.4,5128871240,6503071450,59.98,76.06,"IV Trimestre",Distribucion,"2025 4"
"Diciembre ",2025,JASEC,"Media tensión a",29,8307016,471960300,530210800,56.81,63.83,"IV Trimestre",Distribucion,"2025 4"
"Diciembre ",2025,ICE,"Media tensión a",547,51215060,2967860000,3838157000,57.95,74.94,"IV Trimestre",Distribucion,"2025 4"
"Diciembre ",2025,ESPH,"Media tensión a",6,610747,35389790,42895460,57.95,70.23,"IV Trimestre",Distribucion,"2025 4"
"Diciembre ",2025,COOPESANTOS,"Media tensión a",8,990112.8,81097160,89792880,81.91,90.69,"IV Trimestre",Distribucion,"2025 4"
"Diciembre ",2025,COOPELESCA,"Media tensión a",2,770130.6,54106990,57150310,70.26,74.21,"IV Trimestre",Distribucion,"2025 4"
"Diciembre ",2025,CNFL,"Media tensión a",210,23611340,1518457000,1944865000,64.31,82.37,"IV Trimestre",Distribucion,"2025 4"
"Diciembre ",2025,"TOTAL NACIONAL",Industrial,7309,30827575.72,2610347133.8,3198325834,84.68,103.75,"IV Trimestre",Distribucion,"2025 4"
"Diciembre ",2025,JASEC,Industrial,550,5486163,400502660,479978670,73,87.49,"IV Trimestre",Distribucion,"2025 4"
"Diciembre ",2025,ICE,Industrial,2942,9831598,899869200,1163738100,91.53,118.37,"IV Trimestre",Distribucion,"2025 4"
"Diciembre ",2025,ESPH,Industrial,341,4139027,267047870,323697440,64.52,78.21,"IV Trimestre",Distribucion,"2025 4"
"Diciembre ",2025,COOPESANTOS,Industrial,198,185299.12,28405220,31450250,153.29,169.73,"IV Trimestre",Distribucion,"2025 4"
"Diciembre ",2025,COOPELESCA,Industrial,1672,4531467,407027500,430173500,89.82,94.93,"IV Trimestre",Distribucion,"2025 4"
"Diciembre ",2025,COOPEGUANACASTE,Industrial,230,843966.6,77712653,90981540,92.08,107.8,"IV Trimestre",Distribucion,"2025 4"
"Diciembre ",2025,CNFL,Industrial,1351,5572081,514718990,659264300,92.37,118.32,"IV Trimestre",Distribucion,"2025 4"
"Diciembre ",2025,"TOTAL NACIONAL","Ventas al servicio de Distribución",0,108266552,3073584274.27,5151499175.26,28.39,47.58,"IV Trimestre",Generacion,"2025 4"
"Noviembre ",2025,CNFL,"Alumbrado Público",0,5059524.13,187456036.26,187456036.26,37.05,37.05,"IV Trimestre",Distribucion,"2025 4"
"Noviembre ",2025,COOPESANTOS,Residencial,49540,7260680,600674900,665042900,82.73,91.6,"IV Trimestre",Distribucion,"2025 4"
"Noviembre ",2025,COOPELESCA,Residencial,107733,19373950,1497034000,1581130000,77.27,81.61,"IV Trimestre",Distribucion,"2025 4"
"Noviembre ",2025,COOPEGUANACASTE,Residencial,81988,25180180,1754625000,2053790000,69.68,81.56,"IV Trimestre",Distribucion,"2025 4"
"Noviembre ",2025,COOPEALFARORUIZ,Residencial,6323,1474501,80362580,101590800,54.5,68.9,"IV Trimestre",Distribucion,"2025 4"
"Noviembre ",2025,CNFL,Residencial,538804,128572200,8166967000,10460420000,63.52,81.36,"IV Trimestre",Distribucion,"2025 4"
"Noviembre ",2025,"TOTAL NACIONAL",Promocional,30,536510,36173850,46333225,67.42,86.36,"IV Trimestre",Distribucion,"2025 4"
"Noviembre ",2025,ESPH,Residencial,85367,22073740,1490124000,1806198000,67.51,81.83,"IV Trimestre",Distribucion,"2025 4"
"Noviembre ",2025,CNFL,Promocional,30,536510,36173850,46333225,67.42,86.36,"IV Trimestre",Distribucion,"2025 4"
"Noviembre ",2025,JASEC,Preferencial,716,1046172,52502670,65175730,50.19,62.3,"IV Trimestre",Distribucion,"2025 4"
"Noviembre ",2025,ICE,Preferencial,6789,9760676,678715700,877684500,69.54,89.92,"IV Trimestre",Distribucion,"2025 4"
"Noviembre ",2025,ESPH,Preferencial,940,3941989,208547780,252750610,52.9,64.12,"IV Trimestre",Distribucion,"2025 4"
"Noviembre ",2025,COOPESANTOS,Preferencial,516,168887.6,21003070,23255200,124.36,137.7,"IV Trimestre",Distribucion,"2025 4"
"Noviembre ",2025,CNFL,Preferencial,3233,13712740,661774000,847587200,48.26,61.81,"IV Trimestre",Distribucion,"2025 4"
"Noviembre ",2025,"TOTAL NACIONAL","Media tensión b",398,135894174,6583419000,8332628600,48.45,61.32,"IV Trimestre",Distribucion,"2025 4"
"Noviembre ",2025,"TOTAL NACIONAL",Preferencial,12194,28630464.6,1622543220,2066453240,56.67,72.18,"IV Trimestre",Distribucion,"2025 4"
"Noviembre ",2025,ICE,Residencial,804540,156400200,11341230000,14666830000,72.51,93.78,"IV Trimestre",Distribucion,"2025 4"
"Noviembre ",2025,JASEC,Residencial,94923,22655140,1192404000,1594396000,52.63,70.38,"IV Trimestre",Distribucion,"2025 4"
"Noviembre ",2025,"TOTAL NACIONAL",Residencial,1769218,382990591,26123421480,32929397700,68.21,85.98,"IV Trimestre",Distribucion,"2025 4"
"Noviembre ",2025,ESPH,"Ventas al servicio de Distribución",0,20404648,629467098.61,1055018885.63,30.85,51.7,"IV Trimestre",Generacion,"2025 4"
"Noviembre ",2025,COOPESANTOS,"Ventas al servicio de Distribución",0,2556074,101376761.68,169911393.22,39.66,66.47,"IV Trimestre",Generacion,"2025 4"
"Noviembre ",2025,COOPELESCA,"Ventas al servicio de Distribución",0,1,14643434.36,24542350.52,14643434.36,24542350.52,"IV Trimestre",Generacion,"2025 4"
"Noviembre ",2025,COOPEGUANACASTE,"Ventas al servicio de Distribución",0,23973478,707010446.8,1184987589.03,29.49,49.43,"IV Trimestre",Generacion,"2025 4"
"Noviembre ",2025,COOPEALFARORUIZ,"Ventas al servicio de Distribución",0,1611841,48926067.68,82002606.81,30.35,50.88,"IV Trimestre",Generacion,"2025 4"
"Noviembre ",2025,"TOTAL NACIONAL","Ventas a ICE distribución y a la CNFL",0,722176522.52,20245025994.2,33929554649.82,28.03,46.98,"IV Trimestre",Generacion,"2025 4"
"Noviembre ",2025,ICE,"Ventas a ICE distribución y a la CNFL",0,440212951.52,12210192191.4,20463622755.48,27.74,46.49,"IV Trimestre",Generacion,"2025 4"
"Noviembre ",2025,CNFL,"Ventas a ICE distribución y a la CNFL",0,281963571,8034833802.8,13465931894.34,28.5,47.76,"IV Trimestre",Generacion,"2025 4"
"Noviembre ",2025,"Usuarios Directos","Usuarios Directos",17,44099190,857758700,1334559000,19.45,30.26,"IV Trimestre",Generacion,"2025 4"
"Noviembre ",2025,"TOTAL NACIONAL","Residencial modalidad prepago",5,490.24,34335.23,36263.32,70.04,73.97,"IV Trimestre",Distribucion,"2025 4"
"Noviembre ",2025,COOPELESCA,"Residencial modalidad prepago",5,490.24,34335.23,36263.32,70.04,73.97,"IV Trimestre",Distribucion,"2025 4"
"Noviembre ",2025,"TOTAL NACIONAL","Residencial horaria",9771,5561366,312752139.9,400616122,56.24,72.04,"IV Trimestre",Distribucion,"2025 4"
"Noviembre ",2025,ESPH,"Residencial horaria",23,14186,945631.9,1146222,66.66,80.8,"IV Trimestre",Distribucion,"2025 4"
"Noviembre ",2025,ICE,"Residencial horaria",165,103757,8824308,11411300,85.05,109.98,"IV Trimestre",Distribucion,"2025 4"
"Noviembre ",2025,CNFL,"Residencial horaria",9583,5443423,302982200,388058600,55.66,71.29,"IV Trimestre",Distribucion,"2025 4"
"Noviembre ",2025,ESPH,"Media tensión b",9,8368439,405431700,491409800,48.45,58.72,"IV Trimestre",Distribucion,"2025 4"
"Noviembre ",2025,ICE,"Media tensión b",228,74900330,3553078000,4594947000,47.44,61.35,"IV Trimestre",Distribucion,"2025 4"
"Noviembre ",2025,JASEC,"Media tensión b",22,16995020,763840100,961524100,44.94,56.58,"IV Trimestre",Distribucion,"2025 4"
"Noviembre ",2025,COOPELESCA,"Media tensión b",17,7022335,440734200,465611700,62.76,66.3,"IV Trimestre",Distribucion,"2025 4"
"Noviembre ",2025,ICE,"Comercios y servicios",116192,91860307,8142458308,10530101300,88.64,114.63,"IV Trimestre",Distribucion,"2025 4"
"Noviembre ",2025,ESPH,"Comercios y servicios",11684,16974357,1201679931.9,1456562122,70.79,85.81,"IV Trimestre",Distribucion,"2025 4"
"Noviembre ",2025,COOPESANTOS,"Comercios y servicios",3893,1980200.8,280794660,310898700,141.8,157,"IV Trimestre",Distribucion,"2025 4"
"Noviembre ",2025,COOPELESCA,"Comercios y servicios",14792,17349217,1507337700,1592322800,86.88,91.78,"IV Trimestre",Distribucion,"2025 4"
"Noviembre ",2025,COOPEGUANACASTE,"Comercios y servicios",19683,25096309,1931084500,2260840500,76.95,90.09,"IV Trimestre",Distribucion,"2025 4"
"Noviembre ",2025,COOPEALFARORUIZ,"Comercios y servicios",2033,843226,55599650,70254860,65.94,83.32,"IV Trimestre",Distribucion,"2025 4"
"Noviembre ",2025,CNFL,"Comercios y servicios",76565,98560520,8435472000,10804169000,85.59,109.62,"IV Trimestre",Distribucion,"2025 4"
"Noviembre ",2025,"TOTAL NACIONAL","Alumbrado Público",0,20871614.58,1007188356.73,1007188356.73,48.26,48.26,"IV Trimestre",Distribucion,"2025 4"
"Noviembre ",2025,JASEC,"Alumbrado Público",0,1238483.42,68101329.89,68101329.89,54.99,54.99,"IV Trimestre",Distribucion,"2025 4"
"Noviembre ",2025,ICE,"Alumbrado Público",0,11971562.4,613905305.04,613905305.04,51.28,51.28,"IV Trimestre",Distribucion,"2025 4"
"Noviembre ",2025,ESPH,"Alumbrado Público",0,626955.18,33886927.64,33886927.64,54.05,54.05,"IV Trimestre",Distribucion,"2025 4"
"Noviembre ",2025,COOPESANTOS,"Alumbrado Público",0,379490,14485173.45,14485173.45,38.17,38.17,"IV Trimestre",Distribucion,"2025 4"
"Noviembre ",2025,COOPELESCA,"Alumbrado Público",0,866543.31,42686423.26,42686423.26,49.26,49.26,"IV Trimestre",Distribucion,"2025 4"
"Noviembre ",2025,COOPEGUANACASTE,"Alumbrado Público",0,695572.63,44989637.71,44989637.71,64.68,64.68,"IV Trimestre",Distribucion,"2025 4"
"Noviembre ",2025,COOPEALFARORUIZ,"Alumbrado Público",0,33483.5,1677523.48,1677523.48,50.1,50.1,"IV Trimestre",Distribucion,"2025 4"
"Noviembre ",2025,JASEC,"Comercios y servicios",16278,11811642,808877400,1038057600,68.48,87.88,"IV Trimestre",Distribucion,"2025 4"
"Noviembre ",2025,JASEC,"Ventas al servicio de Distribución",0,49394049,1383391816.3,2318643750.43,28.01,46.94,"IV Trimestre",Generacion,"2025 4"
"Noviembre ",2025,"TOTAL NACIONAL","Comercios y servicios",261120,264475778.8,22363304149.9,28063206882,84.56,106.11,"IV Trimestre",Distribucion,"2025 4"
"Noviembre ",2025,COOPEALFARORUIZ,Industrial,26,231170,14544903,18387017,62.92,79.54,"IV Trimestre",Distribucion,"2025 4"
"Noviembre ",2025,CNFL,"Media tensión b",122,28608050,1420335000,1819136000,49.65,63.59,"IV Trimestre",Distribucion,"2025 4"
"Noviembre ",2025,"TOTAL NACIONAL","Media tensión a",799,83107260.6,4953332720,6290682800,59.6,75.69,"IV Trimestre",Distribucion,"2025 4"
"Noviembre ",2025,JASEC,"Media tensión a",27,7344530,420298700,473585500,57.23,64.48,"IV Trimestre",Distribucion,"2025 4"
"Noviembre ",2025,ICE,"Media tensión a",546,49484210,2840270000,3673153000,57.4,74.23,"IV Trimestre",Distribucion,"2025 4"
"Noviembre ",2025,ESPH,"Media tensión a",6,603863,33684400,40853980,55.78,67.65,"IV Trimestre",Distribucion,"2025 4"
"Noviembre ",2025,COOPESANTOS,"Media tensión a",8,552725.8,53640830,59389390,97.05,107.45,"IV Trimestre",Distribucion,"2025 4"
"Noviembre ",2025,COOPELESCA,"Media tensión a",2,803311.8,55972790,59117930,69.68,73.59,"IV Trimestre",Distribucion,"2025 4"
"Noviembre ",2025,CNFL,"Media tensión a",210,24318620,1549466000,1984583000,63.72,81.61,"IV Trimestre",Distribucion,"2025 4"
"Noviembre ",2025,"TOTAL NACIONAL",Industrial,7294,31603257.49,2633098840,3233621147,83.32,102.32,"IV Trimestre",Distribucion,"2025 4"
"Noviembre ",2025,JASEC,Industrial,550,7039884,483708890,584568990,68.71,83.04,"IV Trimestre",Distribucion,"2025 4"
"Noviembre ",2025,ICE,Industrial,2947,9975318,909472000,1176156700,91.17,117.91,"IV Trimestre",Distribucion,"2025 4"
"Noviembre ",2025,ESPH,Industrial,340,3864214,250264260,303353540,64.76,78.5,"IV Trimestre",Distribucion,"2025 4"
"Noviembre ",2025,COOPESANTOS,Industrial,199,143521.54,23588320,26117060,164.35,181.97,"IV Trimestre",Distribucion,"2025 4"
"Noviembre ",2025,COOPELESCA,Industrial,1672,4303095,389414040,411572100,90.5,95.65,"IV Trimestre",Distribucion,"2025 4"
"Noviembre ",2025,COOPEGUANACASTE,Industrial,230,646994.95,58985517,69056440,91.17,106.73,"IV Trimestre",Distribucion,"2025 4"
"Noviembre ",2025,CNFL,Industrial,1330,5399060,503120910,644409300,93.19,119.36,"IV Trimestre",Distribucion,"2025 4"
"Noviembre ",2025,"TOTAL NACIONAL","Ventas al servicio de Distribución",0,97940091,2884815625.43,4835106575.64,29.45,49.37,"IV Trimestre",Generacion,"2025 4"
"Octubre   ",2025,JASEC,"Ventas al servicio de Distribución",0,56411972,1540915059.54,2582663720.84,27.32,45.78,"IV Trimestre",Generacion,"2025 4"
"Octubre   ",2025,"TOTAL NACIONAL","Ventas al servicio de Distribución",0,126983521.43,3575289857.33,5957281870.37,28.16,46.91,"IV Trimestre",Generacion,"2025 4"
"Octubre   ",2025,COOPELESCA,Industrial,1674,4431070,399077100,421784000,90.06,95.19,"IV Trimestre",Distribucion,"2025 4"
"Octubre   ",2025,COOPESANTOS,Industrial,199,124878.81,18176857,20125538,145.56,161.16,"IV Trimestre",Distribucion,"2025 4"
"Octubre   ",2025,ESPH,Industrial,338,3760488,245009420,296983860,65.15,78.97,"IV Trimestre",Distribucion,"2025 4"
"Octubre   ",2025,ICE,Industrial,2958,10471149,945446900,1222680400,90.29,116.77,"IV Trimestre",Distribucion,"2025 4"
"Octubre   ",2025,JASEC,Industrial,545,6848712,477618400,575816090,69.74,84.08,"IV Trimestre",Distribucion,"2025 4"
"Octubre   ",2025,"TOTAL NACIONAL",Industrial,7301,31984338.8,2665344752.2,3273799477,83.33,102.36,"IV Trimestre",Distribucion,"2025 4"
"Octubre   ",2025,COOPEGUANACASTE,Industrial,230,606530.99,56606856,66273273,93.33,109.27,"IV Trimestre",Distribucion,"2025 4"
"Octubre   ",2025,CNFL,"Media tensión a",209,25227690,1578558000,2021845000,62.57,80.14,"IV Trimestre",Distribucion,"2025 4"
"Octubre   ",2025,COOPESANTOS,"Media tensión a",8,410197.6,49665150,54988770,121.08,134.05,"IV Trimestre",Distribucion,"2025 4"
"Octubre   ",2025,ESPH,"Media tensión a",6,624119,35562180,43104360,56.98,69.06,"IV Trimestre",Distribucion,"2025 4"
"Octubre   ",2025,ICE,"Media tensión a",547,48594000,2808581000,3632170000,57.8,74.75,"IV Trimestre",Distribucion,"2025 4"
"Octubre   ",2025,JASEC,"Media tensión a",28,8028160,451373600,499227900,56.22,62.18,"IV Trimestre",Distribucion,"2025 4"
"Octubre   ",2025,"TOTAL NACIONAL","Media tensión a",800,83650038.4,4977983050,6308654720,59.51,75.42,"IV Trimestre",Distribucion,"2025 4"
"Octubre   ",2025,CNFL,"Media tensión b",122,29732340,1466341000,1878060000,49.32,63.17,"IV Trimestre",Distribucion,"2025 4"
"Octubre   ",2025,COOPELESCA,"Media tensión a",2,765871.8,54243120,57318690,70.83,74.84,"IV Trimestre",Distribucion,"2025 4"
"Octubre   ",2025,COOPEALFARORUIZ,Industrial,24,250156,15519479.2,19619016,62.04,78.43,"IV Trimestre",Distribucion,"2025 4"
"Octubre   ",2025,CNFL,Industrial,1333,5491354,507889740,650517300,92.49,118.46,"IV Trimestre",Distribucion,"2025 4"
"Octubre   ",2025,"TOTAL NACIONAL","Comercios y servicios",260314,260165191,22082749956.6,27697525455,84.88,106.46,"IV Trimestre",Distribucion,"2025 4"
"Octubre   ",2025,COOPEGUANACASTE,"Alumbrado Público",0,720359.2,46592833.06,46592833.06,64.68,64.68,"IV Trimestre",Distribucion,"2025 4"
"Octubre   ",2025,COOPELESCA,"Alumbrado Público",0,862839.49,43645605.3,43645605.3,50.58,50.58,"IV Trimestre",Distribucion,"2025 4"
"Octubre   ",2025,COOPESANTOS,"Alumbrado Público",0,393772,15029997.65,15029997.65,38.17,38.17,"IV Trimestre",Distribucion,"2025 4"
"Octubre   ",2025,ESPH,"Alumbrado Público",0,647720.09,35009270.97,35009270.97,54.05,54.05,"IV Trimestre",Distribucion,"2025 4"
"Octubre   ",2025,ICE,"Alumbrado Público",0,12435309,634708591.15,634708591.15,51.04,51.04,"IV Trimestre",Distribucion,"2025 4"
"Octubre   ",2025,JASEC,"Alumbrado Público",0,1276164.16,70173306.08,70173306.08,54.99,54.99,"IV Trimestre",Distribucion,"2025 4"
"Octubre   ",2025,"TOTAL NACIONAL","Alumbrado Público",0,21607868.52,1040228287.37,1040228287.37,48.14,48.14,"IV Trimestre",Distribucion,"2025 4"
"Octubre   ",2025,CNFL,"Comercios y servicios",76474,97917560,8412322000,10774593000,85.91,110.04,"IV Trimestre",Distribucion,"2025 4"
"Octubre   ",2025,COOPEALFARORUIZ,"Comercios y servicios",2019,877979,57975690,73233810,66.03,83.41,"IV Trimestre",Distribucion,"2025 4"
"Octubre   ",2025,COOPEGUANACASTE,"Comercios y servicios",19541,23647258,1858778000,2176231000,78.6,92.03,"IV Trimestre",Distribucion,"2025 4"
"Octubre   ",2025,COOPELESCA,"Comercios y servicios",14765,18176767,1572253900,1660880200,86.5,91.37,"IV Trimestre",Distribucion,"2025 4"
"Octubre   ",2025,COOPESANTOS,"Comercios y servicios",3899,1933364,274268470,303672720,141.86,157.07,"IV Trimestre",Distribucion,"2025 4"
"Octubre   ",2025,ESPH,"Comercios y servicios",11626,16499307,1170119684.6,1418306375,70.92,85.96,"IV Trimestre",Distribucion,"2025 4"
"Octubre   ",2025,ICE,"Comercios y servicios",115745,89545188,7944325412,10273869650,88.72,114.73,"IV Trimestre",Distribucion,"2025 4"
"Octubre   ",2025,JASEC,"Comercios y servicios",16245,11567768,792706800,1016738700,68.53,87.89,"IV Trimestre",Distribucion,"2025 4"
"Octubre   ",2025,COOPELESCA,"Media tensión b",15,6623792,412443500,435677300,62.27,65.77,"IV Trimestre",Distribucion,"2025 4"
"Octubre   ",2025,COOPEALFARORUIZ,"Alumbrado Público",0,34345.61,1709037.59,1709037.59,49.76,49.76,"IV Trimestre",Distribucion,"2025 4"
"Octubre   ",2025,JASEC,"Media tensión b",21,17868010,821347700,1005673000,45.97,56.28,"IV Trimestre",Distribucion,"2025 4"
"Octubre   ",2025,ESPH,"Media tensión b",9,7754432,383202200,464466800,49.42,59.9,"IV Trimestre",Distribucion,"2025 4"
"Octubre   ",2025,ICE,"Residencial horaria",158,97958,8354412,10803650,85.29,110.29,"IV Trimestre",Distribucion,"2025 4"
"Octubre   ",2025,ESPH,"Residencial horaria",21,11937,798184.6,966475,66.87,80.96,"IV Trimestre",Distribucion,"2025 4"
"Octubre   ",2025,"TOTAL NACIONAL","Residencial horaria",9652,5485482,308647696.6,395362525,56.27,72.07,"IV Trimestre",Distribucion,"2025 4"
"Octubre   ",2025,COOPELESCA,"Residencial modalidad prepago",4,401.06,30579.22,32295.43,76.25,80.52,"IV Trimestre",Distribucion,"2025 4"
"Octubre   ",2025,"TOTAL NACIONAL","Residencial modalidad prepago",4,401.06,30579.22,32295.43,76.25,80.52,"IV Trimestre",Distribucion,"2025 4"
"Octubre   ",2025,"Usuarios Directos","Usuarios Directos",17,47488750,915494200,1431405000,19.28,30.14,"IV Trimestre",Generacion,"2025 4"
"Octubre   ",2025,CNFL,"Residencial horaria",9473,5375587,299495100,383592400,55.71,71.36,"IV Trimestre",Distribucion,"2025 4"
"Octubre   ",2025,CNFL,"Ventas a ICE distribución y a la CNFL",0,291261221,8266231043.43,13853731568.82,28.38,47.56,"IV Trimestre",Generacion,"2025 4"
"Octubre   ",2025,"TOTAL NACIONAL","Ventas a ICE distribución y a la CNFL",0,733378844.63,20423370223.75,34228431844.51,27.85,46.67,"IV Trimestre",Generacion,"2025 4"
"Octubre   ",2025,COOPEALFARORUIZ,"Ventas al servicio de Distribución",0,2203235,63195639.5,105919347.21,28.68,48.07,"IV Trimestre",Generacion,"2025 4"
"Octubre   ",2025,COOPEGUANACASTE,"Ventas al servicio de Distribución",0,29970409,804934870.1,1349120414.24,26.86,45.02,"IV Trimestre",Generacion,"2025 4"
"Octubre   ",2025,COOPELESCA,"Ventas al servicio de Distribución",0,2092365.43,79184985.62,132717341.02,37.84,63.43,"IV Trimestre",Generacion,"2025 4"
"Octubre   ",2025,COOPESANTOS,"Ventas al servicio de Distribución",0,7791478,246582428.05,378176912.83,31.65,48.54,"IV Trimestre",Generacion,"2025 4"
"Octubre   ",2025,ESPH,"Ventas al servicio de Distribución",0,28514062,840476874.52,1408684134.23,29.48,49.4,"IV Trimestre",Generacion,"2025 4"
"Octubre   ",2025,ICE,"Ventas a ICE distribución y a la CNFL",0,442117623.63,12157139180.32,20374700275.69,27.5,46.08,"IV Trimestre",Generacion,"2025 4"
"Octubre   ",2025,"TOTAL NACIONAL",Residencial,1765835,378481257,25763022570,32450896900,68.07,85.74,"IV Trimestre",Distribucion,"2025 4"
"Octubre   ",2025,JASEC,Residencial,94616,22173960,1164732000,1557425000,52.53,70.24,"IV Trimestre",Distribucion,"2025 4"
"Octubre   ",2025,ICE,Residencial,802926,152538000,11019540000,14250830000,72.24,93.42,"IV Trimestre",Distribucion,"2025 4"
"Octubre   ",2025,"TOTAL NACIONAL","Media tensión b",393,138193254,6678193400,8432856100,48.33,61.02,"IV Trimestre",Distribucion,"2025 4"
"Octubre   ",2025,CNFL,Preferencial,3209,13971749,673253100,862289300,48.19,61.72,"IV Trimestre",Distribucion,"2025 4"
"Octubre   ",2025,COOPESANTOS,Preferencial,515,174922.1,21827980,24168560,124.79,138.17,"IV Trimestre",Distribucion,"2025 4"
"Octubre   ",2025,ESPH,Preferencial,939,4057210,214664360,260163650,52.91,64.12,"IV Trimestre",Distribucion,"2025 4"
"Octubre   ",2025,ICE,Preferencial,6787,9801709,684518800,885190400,69.84,90.31,"IV Trimestre",Distribucion,"2025 4"
"Octubre   ",2025,JASEC,Preferencial,723,1089263,51323420,64402760,47.12,59.13,"IV Trimestre",Distribucion,"2025 4"
"Octubre   ",2025,"TOTAL NACIONAL",Preferencial,12173,29094853.1,1645587660,2096214670,56.56,72.05,"IV Trimestre",Distribucion,"2025 4"
"Octubre   ",2025,CNFL,Promocional,30,584913,36159065,46314410,61.82,79.18,"IV Trimestre",Distribucion,"2025 4"
"Octubre   ",2025,"TOTAL NACIONAL",Promocional,30,584913,36159065,46314410,61.82,79.18,"IV Trimestre",Distribucion,"2025 4"
"Octubre   ",2025,CNFL,Residencial,538093,128056000,8124007000,10405390000,63.44,81.26,"IV Trimestre",Distribucion,"2025 4"
"Octubre   ",2025,COOPEALFARORUIZ,Residencial,6317,1504032,81435770,102948000,54.14,68.45,"IV Trimestre",Distribucion,"2025 4"
"Octubre   ",2025,COOPEGUANACASTE,Residencial,81761,25162290,1755701000,2055072000,69.78,81.67,"IV Trimestre",Distribucion,"2025 4"
"Octubre   ",2025,COOPELESCA,Residencial,107452,20253790,1574116000,1662544000,77.72,82.09,"IV Trimestre",Distribucion,"2025 4"
"Octubre   ",2025,COOPESANTOS,Residencial,49482,6976045,574099800,635619900,82.3,91.11,"IV Trimestre",Distribucion,"2025 4"
"Octubre   ",2025,ESPH,Residencial,85188,21817140,1469391000,1781068000,67.35,81.64,"IV Trimestre",Distribucion,"2025 4"
"Octubre   ",2025,ICE,"Media tensión b",226,76214680,3594859000,4648979000,47.17,61,"IV Trimestre",Distribucion,"2025 4"
"Octubre   ",2025,CNFL,"Alumbrado Público",0,5237358.98,193359645.57,193359645.57,36.92,36.92,"IV Trimestre",Distribucion,"2025 4"
"Setiembre ",2025,"TOTAL NACIONAL","Ventas al servicio de Distribución",0,123706256.08,3581557818.37,6003089445.61,28.95,48.53,"III Trimestre",Generacion,"2025 3"
"Setiembre ",2025,JASEC,"Ventas al servicio de Distribución",0,55391033,1541971245.8,2584432033.47,27.84,46.66,"III Trimestre",Generacion,"2025 3"
"Setiembre ",2025,COOPEGUANACASTE,Industrial,230,745673.51,72725603,85145612,97.53,114.19,"III Trimestre",Distribucion,"2025 3"
"Setiembre ",2025,COOPELESCA,Industrial,1673,4312482,389508200,411715400,90.32,95.47,"III Trimestre",Distribucion,"2025 3"
"Setiembre ",2025,COOPESANTOS,Industrial,198,120098.64,17560210,19442784,146.21,161.89,"III Trimestre",Distribucion,"2025 3"
"Setiembre ",2025,ESPH,Industrial,340,3924194,255008550,309104190,64.98,78.77,"III Trimestre",Distribucion,"2025 3"
"Setiembre ",2025,ICE,Industrial,2953,10222915,933720300,1207515400,91.34,118.12,"III Trimestre",Distribucion,"2025 3"
"Setiembre ",2025,JASEC,Industrial,544,6255821,455878980,545802240,72.87,87.25,"III Trimestre",Distribucion,"2025 3"
"Setiembre ",2025,COOPEALFARORUIZ,Industrial,24,240514,15533577,19636870,64.58,81.65,"III Trimestre",Distribucion,"2025 3"
"Setiembre ",2025,"TOTAL NACIONAL",Industrial,7294,31227253.15,2641472880,3240743596,84.59,103.78,"III Trimestre",Distribucion,"2025 3"
"Setiembre ",2025,COOPELESCA,"Media tensión a",2,780383.4,55265110,58398110,70.82,74.83,"III Trimestre",Distribucion,"2025 3"
"Setiembre ",2025,COOPESANTOS,"Media tensión a",8,372430.7,41582310,46041410,111.65,123.62,"III Trimestre",Distribucion,"2025 3"
"Setiembre ",2025,ESPH,"Media tensión a",6,581020,32922310,39904650,56.66,68.68,"III Trimestre",Distribucion,"2025 3"
"Setiembre ",2025,ICE,"Media tensión a",546,48650910,2807248000,3630446000,57.7,74.62,"III Trimestre",Distribucion,"2025 3"
"Setiembre ",2025,JASEC,"Media tensión a",28,7150120,411038000,460967700,57.49,64.47,"III Trimestre",Distribucion,"2025 3"
"Setiembre ",2025,"TOTAL NACIONAL","Media tensión a",798,81713414.1,4895565730,6217835870,59.91,76.09,"III Trimestre",Distribucion,"2025 3"
"Setiembre ",2025,CNFL,"Media tensión a",208,24178550,1547510000,1982078000,64,81.98,"III Trimestre",Distribucion,"2025 3"
"Setiembre ",2025,CNFL,Industrial,1332,5405555,501537460,642381100,92.78,118.84,"III Trimestre",Distribucion,"2025 3"
"Setiembre ",2025,"TOTAL NACIONAL","Comercios y servicios",259313,263336264.9,22327465728.7,28008283733,84.79,106.36,"III Trimestre",Distribucion,"2025 3"
"Setiembre ",2025,JASEC,"Comercios y servicios",16197,11344261,782788500,1003439600,69,88.45,"III Trimestre",Distribucion,"2025 3"
"Setiembre ",2025,COOPEALFARORUIZ,"Alumbrado Público",0,33185.01,1662901.01,1662901.01,50.11,50.11,"III Trimestre",Distribucion,"2025 3"
"Setiembre ",2025,COOPEGUANACASTE,"Alumbrado Público",0,697984.73,45145652.34,45145652.34,64.68,64.68,"III Trimestre",Distribucion,"2025 3"
"Setiembre ",2025,COOPELESCA,"Alumbrado Público",0,856080.72,42170986.41,42170986.41,49.26,49.26,"III Trimestre",Distribucion,"2025 3"
"Setiembre ",2025,COOPESANTOS,"Alumbrado Público",0,375868,14346921.45,14346921.45,38.17,38.17,"III Trimestre",Distribucion,"2025 3"
"Setiembre ",2025,ESPH,"Alumbrado Público",0,627870.01,33936373.88,33936373.88,54.05,54.05,"III Trimestre",Distribucion,"2025 3"
"Setiembre ",2025,ICE,"Alumbrado Público",0,12057757.2,618325398.05,618325398.05,51.28,51.28,"III Trimestre",Distribucion,"2025 3"
"Setiembre ",2025,JASEC,"Alumbrado Público",0,1233863.7,67847302.09,67847302.09,54.99,54.99,"III Trimestre",Distribucion,"2025 3"
"Setiembre ",2025,"TOTAL NACIONAL","Alumbrado Público",0,20977822.71,1012213868.6,1012213868.6,48.25,48.25,"III Trimestre",Distribucion,"2025 3"
"Setiembre ",2025,CNFL,"Comercios y servicios",76384,96723400,8342398000,10685032000,86.25,110.47,"III Trimestre",Distribucion,"2025 3"
"Setiembre ",2025,COOPEALFARORUIZ,"Comercios y servicios",2011,847719,56219740,71037500,66.32,83.8,"III Trimestre",Distribucion,"2025 3"
"Setiembre ",2025,COOPEGUANACASTE,"Comercios y servicios",19369,25553179,1960377700,2295144800,76.72,89.82,"III Trimestre",Distribucion,"2025 3"
"Setiembre ",2025,COOPELESCA,"Comercios y servicios",14717,17738549,1536831000,1623428800,86.64,91.52,"III Trimestre",Distribucion,"2025 3"
"Setiembre ",2025,COOPESANTOS,"Comercios y servicios",3903,1982298.9,282001080,312234420,142.26,157.51,"III Trimestre",Distribucion,"2025 3"
"Setiembre ",2025,ESPH,"Comercios y servicios",11616,16776337,1177841466.7,1427667033,70.21,85.1,"III Trimestre",Distribucion,"2025 3"
"Setiembre ",2025,ICE,"Comercios y servicios",115116,92370521,8189008242,10590299580,88.65,114.65,"III Trimestre",Distribucion,"2025 3"
"Setiembre ",2025,CNFL,"Media tensión b",122,28315160,1407103000,1802189000,49.69,63.65,"III Trimestre",Distribucion,"2025 3"
"Setiembre ",2025,COOPELESCA,"Media tensión b",15,5772699,369253300,390050900,63.97,67.57,"III Trimestre",Distribucion,"2025 3"
"Setiembre ",2025,JASEC,"Media tensión b",21,16723720,769170800,948726900,45.99,56.73,"III Trimestre",Distribucion,"2025 3"
"Setiembre ",2025,ICE,"Media tensión b",221,73448060,3501173000,4527821000,47.67,61.65,"III Trimestre",Distribucion,"2025 3"
"Setiembre ",2025,CNFL,"Residencial horaria",9307,5267127,293124700,375433400,55.65,71.28,"III Trimestre",Distribucion,"2025 3"
"Setiembre ",2025,ICE,"Residencial horaria",154,100131,8566242,11077580,85.55,110.63,"III Trimestre",Distribucion,"2025 3"
"Setiembre ",2025,ESPH,"Residencial horaria",21,12442,830966.7,1007233,66.79,80.95,"III Trimestre",Distribucion,"2025 3"
"Setiembre ",2025,"TOTAL NACIONAL","Residencial horaria",9482,5379700,302521908.7,387518213,56.23,72.03,"III Trimestre",Distribucion,"2025 3"
"Setiembre ",2025,COOPELESCA,"Residencial modalidad prepago",4,467.13,32828.69,34672.85,70.28,74.23,"III Trimestre",Distribucion,"2025 3"
"Setiembre ",2025,"TOTAL NACIONAL","Residencial modalidad prepago",4,467.13,32828.69,34672.85,70.28,74.23,"III Trimestre",Distribucion,"2025 3"
"Setiembre ",2025,"Usuarios Directos","Usuarios Directos",16,46056500,904044800,1412235000,19.63,30.66,"III Trimestre",Generacion,"2025 3"
"Setiembre ",2025,CNFL,"Ventas a ICE distribución y a la CNFL",0,291854165,8223585828.23,13782268501.37,28.18,47.22,"III Trimestre",Generacion,"2025 3"
"Setiembre ",2025,ICE,"Ventas a ICE distribución y a la CNFL",0,440494343.22,12222403171.27,20484088746.25,27.75,46.5,"III Trimestre",Generacion,"2025 3"
"Setiembre ",2025,"TOTAL NACIONAL","Ventas a ICE distribución y a la CNFL",0,732348508.22,20445988999.5,34266357247.62,27.92,46.79,"III Trimestre",Generacion,"2025 3"
"Setiembre ",2025,COOPEALFARORUIZ,"Ventas al servicio de Distribución",0,2101437,60014353.88,100587344.06,28.56,47.87,"III Trimestre",Generacion,"2025 3"
"Setiembre ",2025,COOPEGUANACASTE,"Ventas al servicio de Distribución",0,28131694,764882027.43,1282189734.42,27.19,45.58,"III Trimestre",Generacion,"2025 3"
"Setiembre ",2025,COOPELESCA,"Ventas al servicio de Distribución",0,3768519.08,186514946.62,312604867.83,49.49,82.95,"III Trimestre",Generacion,"2025 3"
"Setiembre ",2025,COOPESANTOS,"Ventas al servicio de Distribución",0,6619451,194651007.75,326245492.53,29.41,49.29,"III Trimestre",Generacion,"2025 3"
"Setiembre ",2025,ESPH,"Ventas al servicio de Distribución",0,27694122,833524236.89,1397029973.3,30.1,50.44,"III Trimestre",Generacion,"2025 3"
"Setiembre ",2025,"TOTAL NACIONAL",Residencial,1763277,387849200,26561350460,33445651440,68.48,86.23,"III Trimestre",Distribucion,"2025 3"
"Setiembre ",2025,CNFL,"Alumbrado Público",0,5095213.34,188778333.38,188778333.38,37.05,37.05,"III Trimestre",Distribucion,"2025 3"
"Setiembre ",2025,JASEC,Residencial,94479,22219170,1167663000,1561337000,52.55,70.27,"III Trimestre",Distribucion,"2025 3"
"Setiembre ",2025,ESPH,Residencial,85049,21912310,1476828000,1790083000,67.4,81.69,"III Trimestre",Distribucion,"2025 3"
"Setiembre ",2025,ESPH,"Media tensión b",9,8021938,391891400,474998600,48.85,59.21,"III Trimestre",Distribucion,"2025 3"
"Setiembre ",2025,"TOTAL NACIONAL","Media tensión b",388,132281577,6438591500,8143786400,48.67,61.56,"III Trimestre",Distribucion,"2025 3"
"Setiembre ",2025,CNFL,Preferencial,3184,13753487,666454200,853581500,48.46,62.06,"III Trimestre",Distribucion,"2025 3"
"Setiembre ",2025,COOPESANTOS,Preferencial,514,175790,21922810,24273560,124.71,138.08,"III Trimestre",Distribucion,"2025 3"
"Setiembre ",2025,ESPH,Preferencial,938,4215473,220045270,266684450,52.2,63.26,"III Trimestre",Distribucion,"2025 3"
"Setiembre ",2025,ICE,Preferencial,6787,9554624,672587500,869760500,70.39,91.03,"III Trimestre",Distribucion,"2025 3"
"Setiembre ",2025,JASEC,Preferencial,724,1013755,48904020,61209130,48.24,60.38,"III Trimestre",Distribucion,"2025 3"
"Setiembre ",2025,"TOTAL NACIONAL",Preferencial,12147,28713129,1629913800,2075509140,56.77,72.28,"III Trimestre",Distribucion,"2025 3"
"Setiembre ",2025,CNFL,Promocional,30,558146,34860430,44651050,62.46,80,"III Trimestre",Distribucion,"2025 3"
"Setiembre ",2025,"TOTAL NACIONAL",Promocional,30,558146,34860430,44651050,62.46,80,"III Trimestre",Distribucion,"2025 3"
"Setiembre ",2025,CNFL,Residencial,537584,127211700,8063607000,10328020000,63.39,81.19,"III Trimestre",Distribucion,"2025 3"
"Setiembre ",2025,COOPEALFARORUIZ,Residencial,6315,1433216,77255760,97663840,53.9,68.14,"III Trimestre",Distribucion,"2025 3"
"Setiembre ",2025,COOPEGUANACASTE,Residencial,81551,27337410,1926416000,2254912000,70.47,82.48,"III Trimestre",Distribucion,"2025 3"
"Setiembre ",2025,COOPELESCA,Residencial,107112,20902690,1632250000,1723942000,78.09,82.47,"III Trimestre",Distribucion,"2025 3"
"Setiembre ",2025,COOPESANTOS,Residencial,49345,7161204,591290700,654653600,82.57,91.42,"III Trimestre",Distribucion,"2025 3"
"Setiembre ",2025,ICE,Residencial,801842,159671500,11626040000,15035040000,72.81,94.16,"III Trimestre",Distribucion,"2025 3"
"Agosto    ",2025,CNFL,"Alumbrado Público",0,5286563.48,195176224.81,195176224.81,36.92,36.92,"III Trimestre",Distribucion,"2025 3"
"Agosto    ",2025,COOPESANTOS,Residencial,49272,7136982,588797800,651893000,82.5,91.34,"III Trimestre",Distribucion,"2025 3"
"Agosto    ",2025,COOPELESCA,Residencial,106769,21351930,1672356000,1766302000,78.32,82.72,"III Trimestre",Distribucion,"2025 3"
"Agosto    ",2025,COOPEGUANACASTE,Residencial,81292,30681140,2192910000,2566923000,71.47,83.66,"III Trimestre",Distribucion,"2025 3"
"Agosto    ",2025,COOPEALFARORUIZ,Residencial,6315,1476211,79761470,100831000,54.03,68.3,"III Trimestre",Distribucion,"2025 3"
"Agosto    ",2025,CNFL,Residencial,537080,128276400,8142751000,10429400000,63.48,81.3,"III Trimestre",Distribucion,"2025 3"
"Agosto    ",2025,"TOTAL NACIONAL",Promocional,30,541250,34021435,43576390,62.86,80.51,"III Trimestre",Distribucion,"2025 3"
"Agosto    ",2025,ESPH,Residencial,84937,22320630,1506713000,1826304000,67.5,81.82,"III Trimestre",Distribucion,"2025 3"
"Agosto    ",2025,CNFL,Promocional,30,541250,34021435,43576390,62.86,80.51,"III Trimestre",Distribucion,"2025 3"
"Agosto    ",2025,JASEC,Preferencial,723,974625,47218590,59062080,48.45,60.6,"III Trimestre",Distribucion,"2025 3"
"Agosto    ",2025,ICE,Preferencial,6785,9605319,666516700,861909000,69.39,89.73,"III Trimestre",Distribucion,"2025 3"
"Agosto    ",2025,ESPH,Preferencial,935,4144068,216221420,262050130,52.18,63.23,"III Trimestre",Distribucion,"2025 3"
"Agosto    ",2025,COOPESANTOS,Preferencial,516,170193.4,21210950,23485370,124.63,137.99,"III Trimestre",Distribucion,"2025 3"
"Agosto    ",2025,CNFL,Preferencial,3239,14058792,673206800,862230300,47.89,61.33,"III Trimestre",Distribucion,"2025 3"
"Agosto    ",2025,"TOTAL NACIONAL","Media tensión b",384,133940845,6439718900,8211434800,48.08,61.31,"III Trimestre",Distribucion,"2025 3"
"Agosto    ",2025,"TOTAL NACIONAL",Preferencial,12198,28952997.4,1624374460,2068736880,56.1,71.45,"III Trimestre",Distribucion,"2025 3"
"Agosto    ",2025,ICE,Residencial,800379,162040500,11842530000,15315010000,73.08,94.51,"III Trimestre",Distribucion,"2025 3"
"Agosto    ",2025,JASEC,Residencial,94355,22358420,1175822000,1572235000,52.59,70.32,"III Trimestre",Distribucion,"2025 3"
"Agosto    ",2025,"TOTAL NACIONAL",Residencial,1760399,395642213,27201641270,34228898000,68.75,86.51,"III Trimestre",Distribucion,"2025 3"
"Agosto    ",2025,ESPH,"Ventas al servicio de Distribución",0,27158375,774844410.67,1298681932.33,28.53,47.82,"III Trimestre",Generacion,"2025 3"
"Agosto    ",2025,COOPESANTOS,"Ventas al servicio de Distribución",0,5374796,170679356.86,286066937.24,31.76,53.22,"III Trimestre",Generacion,"2025 3"
"Agosto    ",2025,COOPELESCA,"Ventas al servicio de Distribución",0,3807163.23,109564079.04,183635518.39,28.78,48.23,"III Trimestre",Generacion,"2025 3"
"Agosto    ",2025,COOPEGUANACASTE,"Ventas al servicio de Distribución",0,30017808,826009813,1384440078.77,27.52,46.12,"III Trimestre",Generacion,"2025 3"
"Agosto    ",2025,COOPEALFARORUIZ,"Ventas al servicio de Distribución",0,2088640,60921434.69,102107588.87,29.17,48.89,"III Trimestre",Generacion,"2025 3"
"Agosto    ",2025,"TOTAL NACIONAL","Ventas a ICE distribución y a la CNFL",0,758880181.46,21052175589.12,35282295314.04,27.74,46.49,"III Trimestre",Generacion,"2025 3"
"Agosto    ",2025,ICE,"Ventas a ICE distribución y a la CNFL",0,456238566.46,12553947061.96,21039736142.84,27.52,46.12,"III Trimestre",Generacion,"2025 3"
"Agosto    ",2025,CNFL,"Ventas a ICE distribución y a la CNFL",0,302641615,8498228527.16,14242559171.2,28.08,47.06,"III Trimestre",Generacion,"2025 3"
"Agosto    ",2025,"Usuarios Directos","Usuarios Directos",16,45810620,901851500,1408537000,19.69,30.75,"III Trimestre",Generacion,"2025 3"
"Agosto    ",2025,"TOTAL NACIONAL","Residencial modalidad prepago",4,525.26,36832.83,38900.15,70.12,74.06,"III Trimestre",Distribucion,"2025 3"
"Agosto    ",2025,COOPELESCA,"Residencial modalidad prepago",4,525.26,36832.83,38900.15,70.12,74.06,"III Trimestre",Distribucion,"2025 3"
"Agosto    ",2025,"TOTAL NACIONAL","Residencial horaria",9377,5318092,299561939.1,383741195.1,56.33,72.16,"III Trimestre",Distribucion,"2025 3"
"Agosto    ",2025,ESPH,"Residencial horaria",15,8340,555410.1,673225.1,66.6,80.72,"III Trimestre",Distribucion,"2025 3"
"Agosto    ",2025,ICE,"Residencial horaria",148,94414,8123829,10505470,86.04,111.27,"III Trimestre",Distribucion,"2025 3"
"Agosto    ",2025,CNFL,"Residencial horaria",9214,5215338,290882700,372562500,55.77,71.44,"III Trimestre",Distribucion,"2025 3"
"Agosto    ",2025,ESPH,"Media tensión b",9,7728842,381697000,462641600,49.39,59.86,"III Trimestre",Distribucion,"2025 3"
"Agosto    ",2025,ICE,"Media tensión b",218,74798630,3537583000,4574907000,47.29,61.16,"III Trimestre",Distribucion,"2025 3"
"Agosto    ",2025,JASEC,"Media tensión b",21,16268760,695406800,929049300,42.74,57.11,"III Trimestre",Distribucion,"2025 3"
"Agosto    ",2025,COOPELESCA,"Media tensión b",14,6549373,412722100,435977900,63.02,66.57,"III Trimestre",Distribucion,"2025 3"
"Agosto    ",2025,ICE,"Comercios y servicios",114726,94573574,8341943829,10788083470,88.21,114.07,"III Trimestre",Distribucion,"2025 3"
"Agosto    ",2025,ESPH,"Comercios y servicios",11609,17076714,1195399510.1,1448949425.1,70,84.85,"III Trimestre",Distribucion,"2025 3"
"Agosto    ",2025,COOPESANTOS,"Comercios y servicios",3876,1983097.5,281576140,311763860,141.99,157.21,"III Trimestre",Distribucion,"2025 3"
"Agosto    ",2025,COOPELESCA,"Comercios y servicios",14653,18366250,1586614900,1676059400,86.39,91.26,"III Trimestre",Distribucion,"2025 3"
"Agosto    ",2025,COOPEGUANACASTE,"Comercios y servicios",19272,27196540,2072091100,2425912300,76.19,89.2,"III Trimestre",Distribucion,"2025 3"
"Agosto    ",2025,COOPEALFARORUIZ,"Comercios y servicios",2002,882229,58024800,73315990,65.77,83.1,"III Trimestre",Distribucion,"2025 3"
"Agosto    ",2025,CNFL,"Comercios y servicios",76243,97808590,8376974000,10729320000,85.65,109.7,"III Trimestre",Distribucion,"2025 3"
"Agosto    ",2025,"TOTAL NACIONAL","Alumbrado Público",0,21713294.57,1043860797.21,1043860797.21,48.07,48.07,"III Trimestre",Distribucion,"2025 3"
"Agosto    ",2025,JASEC,"Alumbrado Público",0,1273886.98,70048089.46,70048089.46,54.99,54.99,"III Trimestre",Distribucion,"2025 3"
"Agosto    ",2025,ICE,"Alumbrado Público",0,12477560.76,636865134.28,636865134.28,51.04,51.04,"III Trimestre",Distribucion,"2025 3"
"Agosto    ",2025,ESPH,"Alumbrado Público",0,649324.42,35095985.12,35095985.12,54.05,54.05,"III Trimestre",Distribucion,"2025 3"
"Agosto    ",2025,COOPESANTOS,"Alumbrado Público",0,385899,14729488.5,14729488.5,38.17,38.17,"III Trimestre",Distribucion,"2025 3"
"Agosto    ",2025,COOPELESCA,"Alumbrado Público",0,883516.25,43522540.3,43522540.3,49.26,49.26,"III Trimestre",Distribucion,"2025 3"
"Agosto    ",2025,COOPEGUANACASTE,"Alumbrado Público",0,722252.49,46715291.05,46715291.05,64.68,64.68,"III Trimestre",Distribucion,"2025 3"
"Agosto    ",2025,COOPEALFARORUIZ,"Alumbrado Público",0,34291.18,1708043.69,1708043.69,49.81,49.81,"III Trimestre",Distribucion,"2025 3"
"Agosto    ",2025,JASEC,"Comercios y servicios",16159,11693844,801600900,1026897500,68.55,87.82,"III Trimestre",Distribucion,"2025 3"
"Agosto    ",2025,JASEC,"Ventas al servicio de Distribución",0,54282372,1506685034.54,2525290827.33,27.76,46.52,"III Trimestre",Generacion,"2025 3"
"Agosto    ",2025,"TOTAL NACIONAL","Comercios y servicios",258540,269580838.5,22714225179.1,28480301945.1,84.26,105.65,"III Trimestre",Distribucion,"2025 3"
"Agosto    ",2025,COOPEALFARORUIZ,Industrial,21,225208,14750264.1,18646669.7,65.5,82.8,"III Trimestre",Distribucion,"2025 3"
"Agosto    ",2025,CNFL,"Media tensión b",122,28595240,1412310000,1808859000,49.39,63.26,"III Trimestre",Distribucion,"2025 3"
"Agosto    ",2025,"TOTAL NACIONAL","Media tensión a",797,82643664.5,4789502030,6167215580,57.95,74.62,"III Trimestre",Distribucion,"2025 3"
"Agosto    ",2025,JASEC,"Media tensión a",28,7472930,359972800,480916300,48.17,64.35,"III Trimestre",Distribucion,"2025 3"
"Agosto    ",2025,ICE,"Media tensión a",547,48853410,2761841000,3571727000,56.53,73.11,"III Trimestre",Distribucion,"2025 3"
"Agosto    ",2025,ESPH,"Media tensión a",6,618339,34697840,42056710,56.11,68.02,"III Trimestre",Distribucion,"2025 3"
"Agosto    ",2025,COOPESANTOS,"Media tensión a",8,388479.9,36042540,39907120,92.78,102.73,"III Trimestre",Distribucion,"2025 3"
"Agosto    ",2025,COOPELESCA,"Media tensión a",2,816045.6,56946850,60148450,69.78,73.71,"III Trimestre",Distribucion,"2025 3"
"Agosto    ",2025,CNFL,"Media tensión a",206,24494460,1540001000,1972460000,62.87,80.53,"III Trimestre",Distribucion,"2025 3"
"Agosto    ",2025,"TOTAL NACIONAL",Industrial,7300,31679482.8,2647013365.1,3249108022.7,83.56,102.56,"III Trimestre",Distribucion,"2025 3"
"Agosto    ",2025,JASEC,Industrial,541,6488123,458455040,551527110,70.66,85.01,"III Trimestre",Distribucion,"2025 3"
"Agosto    ",2025,ICE,Industrial,2964,10264147,927120800,1198981300,90.33,116.81,"III Trimestre",Distribucion,"2025 3"
"Agosto    ",2025,ESPH,Industrial,339,4213788,268945650,325997850,63.83,77.36,"III Trimestre",Distribucion,"2025 3"
"Agosto    ",2025,COOPESANTOS,Industrial,198,124203.74,18067829,20004820,145.47,161.06,"III Trimestre",Distribucion,"2025 3"
"Agosto    ",2025,COOPELESCA,Industrial,1675,4263027,386352100,408362900,90.63,95.79,"III Trimestre",Distribucion,"2025 3"
"Agosto    ",2025,COOPEGUANACASTE,Industrial,227,824990.06,79387192,92944473,96.23,112.66,"III Trimestre",Distribucion,"2025 3"
"Agosto    ",2025,CNFL,Industrial,1335,5275996,493934490,632642900,93.62,119.91,"III Trimestre",Distribucion,"2025 3"
"Agosto    ",2025,"TOTAL NACIONAL","Ventas al servicio de Distribución",0,122729154.23,3448704128.8,5780222882.93,28.1,47.1,"III Trimestre",Generacion,"2025 3"
"Julio     ",2025,CNFL,"Alumbrado Público",0,5297641.96,195585230.66,195585230.66,36.92,36.92,"III Trimestre",Distribucion,"2025 3"
"Julio     ",2025,COOPESANTOS,Residencial,49212,6915786,568155400,629038500,82.15,90.96,"III Trimestre",Distribucion,"2025 3"
"Julio     ",2025,COOPELESCA,Residencial,106393,20911120,1634505000,1726325000,78.16,82.56,"III Trimestre",Distribucion,"2025 3"
"Julio     ",2025,COOPEGUANACASTE,Residencial,81071,26727720,1882574000,2203575000,70.44,82.45,"III Trimestre",Distribucion,"2025 3"
"Julio     ",2025,COOPEALFARORUIZ,Residencial,6322,1489628,80309190,101523200,53.91,68.15,"III Trimestre",Distribucion,"2025 3"
"Julio     ",2025,CNFL,Residencial,536680,127508800,8084033000,10354200000,63.4,81.2,"III Trimestre",Distribucion,"2025 3"
"Julio     ",2025,"TOTAL NACIONAL",Promocional,30,530881,35084835,44938405,66.09,84.65,"III Trimestre",Distribucion,"2025 3"
"Julio     ",2025,ESPH,Residencial,84873,22097050,1490328000,1806446000,67.44,81.75,"III Trimestre",Distribucion,"2025 3"
"Julio     ",2025,CNFL,Promocional,30,530881,35084835,44938405,66.09,84.65,"III Trimestre",Distribucion,"2025 3"
"Julio     ",2025,JASEC,Preferencial,720,930255,47863280,59416940,51.45,63.87,"III Trimestre",Distribucion,"2025 3"
"Julio     ",2025,ICE,Preferencial,6777,9114567,639763100,827313000,70.19,90.77,"III Trimestre",Distribucion,"2025 3"
"Julio     ",2025,ESPH,Preferencial,933,4440873,228767650,277254910,51.51,62.43,"III Trimestre",Distribucion,"2025 3"
"Julio     ",2025,COOPESANTOS,Preferencial,516,149275.4,18429670,20405880,123.46,136.7,"III Trimestre",Distribucion,"2025 3"
"Julio     ",2025,CNFL,Preferencial,3231,13887937,670573100,858856900,48.28,61.84,"III Trimestre",Distribucion,"2025 3"
"Julio     ",2025,"TOTAL NACIONAL","Media tensión b",380,134625117,6503922400,8218735300,48.31,61.05,"III Trimestre",Distribucion,"2025 3"
"Julio     ",2025,"TOTAL NACIONAL",Preferencial,12177,28522907.4,1605396800,2043247630,56.28,71.64,"III Trimestre",Distribucion,"2025 3"
"Julio     ",2025,ICE,Residencial,799008,155069700,11255420000,14555860000,72.58,93.87,"III Trimestre",Distribucion,"2025 3"
"Julio     ",2025,JASEC,Residencial,94239,22191850,1166275000,1559479000,52.55,70.27,"III Trimestre",Distribucion,"2025 3"
"Julio     ",2025,"TOTAL NACIONAL",Residencial,1757798,382911654,26161599590,32936446700,68.32,86.02,"III Trimestre",Distribucion,"2025 3"
"Julio     ",2025,ESPH,"Ventas al servicio de Distribución",0,25616793,756566122.46,1268045491.81,29.53,49.5,"III Trimestre",Generacion,"2025 3"
"Julio     ",2025,COOPESANTOS,"Ventas al servicio de Distribución",0,3676337,125760924.71,210780948.11,34.21,57.33,"III Trimestre",Generacion,"2025 3"
"Julio     ",2025,COOPELESCA,"Ventas al servicio de Distribución",0,4525498,167986845.21,281553119.33,37.12,62.21,"III Trimestre",Generacion,"2025 3"
"Julio     ",2025,COOPEGUANACASTE,"Ventas al servicio de Distribución",0,27018903,764886241.54,1281992457.56,28.31,47.45,"III Trimestre",Generacion,"2025 3"
"Julio     ",2025,COOPEALFARORUIZ,"Ventas al servicio de Distribución",0,1859192,54693055.62,91668472.88,29.42,49.31,"III Trimestre",Generacion,"2025 3"
"Julio     ",2025,"TOTAL NACIONAL","Ventas a ICE distribución y a la CNFL",0,754857575.32,20927739641.86,35073747855.2,27.72,46.46,"III Trimestre",Generacion,"2025 3"
"Julio     ",2025,ICE,"Ventas a ICE distribución y a la CNFL",0,456495393.32,12563023732.59,21054949584.25,27.52,46.12,"III Trimestre",Generacion,"2025 3"
"Julio     ",2025,CNFL,"Ventas a ICE distribución y a la CNFL",0,298362182,8364715909.27,14018798270.95,28.04,46.99,"III Trimestre",Generacion,"2025 3"
"Julio     ",2025,"Usuarios Directos","Usuarios Directos",16,45351580,893284700,1394179000,19.7,30.74,"III Trimestre",Generacion,"2025 3"
"Julio     ",2025,"TOTAL NACIONAL","Residencial modalidad prepago",4,480.69,32253.59,34064.52,67.1,70.87,"III Trimestre",Distribucion,"2025 3"
"Julio     ",2025,COOPELESCA,"Residencial modalidad prepago",4,480.69,32253.59,34064.52,67.1,70.87,"III Trimestre",Distribucion,"2025 3"
"Julio     ",2025,"TOTAL NACIONAL","Residencial horaria",9233,5190972,293516864.5,375985901.4,56.54,72.43,"III Trimestre",Distribucion,"2025 3"
"Julio     ",2025,ESPH,"Residencial horaria",15,8523,564572.5,684331.4,66.24,80.29,"III Trimestre",Distribucion,"2025 3"
"Julio     ",2025,ICE,"Residencial horaria",133,84134,7225492,9343770,85.88,111.06,"III Trimestre",Distribucion,"2025 3"
"Julio     ",2025,CNFL,"Residencial horaria",9085,5098315,285726800,365957800,56.04,71.78,"III Trimestre",Distribucion,"2025 3"
"Julio     ",2025,ESPH,"Media tensión b",9,8426476,411302500,498525800,48.81,59.16,"III Trimestre",Distribucion,"2025 3"
"Julio     ",2025,ICE,"Media tensión b",213,72770820,3441432000,4450562000,47.29,61.16,"III Trimestre",Distribucion,"2025 3"
"Julio     ",2025,JASEC,"Media tensión b",22,17522910,794745300,987315000,45.35,56.34,"III Trimestre",Distribucion,"2025 3"
"Julio     ",2025,COOPELESCA,"Media tensión b",14,6784131,425045600,449028500,62.65,66.19,"III Trimestre",Distribucion,"2025 3"
"Julio     ",2025,ICE,"Comercios y servicios",114200,90109414,7983019492,10323908770,88.59,114.57,"III Trimestre",Distribucion,"2025 3"
"Julio     ",2025,ESPH,"Comercios y servicios",11590,16709344,1176525972.5,1426072531.4,70.41,85.35,"III Trimestre",Distribucion,"2025 3"
"Julio     ",2025,COOPESANTOS,"Comercios y servicios",3998,2083775.5,295661090,327358760,141.89,157.1,"III Trimestre",Distribucion,"2025 3"
"Julio     ",2025,COOPELESCA,"Comercios y servicios",14619,18304210,1576911700,1665821700,86.15,91.01,"III Trimestre",Distribucion,"2025 3"
"Julio     ",2025,COOPEGUANACASTE,"Comercios y servicios",19144,24231629,1893988400,2217412700,78.16,91.51,"III Trimestre",Distribucion,"2025 3"
"Julio     ",2025,COOPEALFARORUIZ,"Comercios y servicios",1983,877895,57713220,72914640,65.74,83.06,"III Trimestre",Distribucion,"2025 3"
"Julio     ",2025,CNFL,"Comercios y servicios",75986,96941940,8291211000,10619475000,85.53,109.54,"III Trimestre",Distribucion,"2025 3"
"Julio     ",2025,"TOTAL NACIONAL","Alumbrado Público",0,21722813.03,1044202015.31,1044202015.31,48.07,48.07,"III Trimestre",Distribucion,"2025 3"
"Julio     ",2025,JASEC,"Alumbrado Público",0,1272552.97,69974735.31,69974735.31,54.99,54.99,"III Trimestre",Distribucion,"2025 3"
"Julio     ",2025,ICE,"Alumbrado Público",0,12478048.08,636890028.22,636890028.22,51.04,51.04,"III Trimestre",Distribucion,"2025 3"
"Julio     ",2025,ESPH,"Alumbrado Público",0,649024.61,35079780.39,35079780.39,54.05,54.05,"III Trimestre",Distribucion,"2025 3"
"Julio     ",2025,COOPESANTOS,"Alumbrado Público",0,385897,14729412.15,14729412.15,38.17,38.17,"III Trimestre",Distribucion,"2025 3"
"Julio     ",2025,COOPELESCA,"Alumbrado Público",0,881982.89,43447006.39,43447006.39,49.26,49.26,"III Trimestre",Distribucion,"2025 3"
"Julio     ",2025,COOPEGUANACASTE,"Alumbrado Público",0,723392.47,46789024.96,46789024.96,64.68,64.68,"III Trimestre",Distribucion,"2025 3"
"Julio     ",2025,COOPEALFARORUIZ,"Alumbrado Público",0,34273.04,1706797.23,1706797.23,49.8,49.8,"III Trimestre",Distribucion,"2025 3"
"Julio     ",2025,JASEC,"Comercios y servicios",16148,11122825,767574600,983938800,69.01,88.46,"III Trimestre",Distribucion,"2025 3"
"Julio     ",2025,JASEC,"Ventas al servicio de Distribución",0,54210240,1479332678.76,2479448264.38,27.29,45.74,"III Trimestre",Generacion,"2025 3"
"Julio     ",2025,"TOTAL NACIONAL","Comercios y servicios",257668,260381032.5,22042605474.5,27636902901.4,84.66,106.14,"III Trimestre",Distribucion,"2025 3"
"Julio     ",2025,COOPEALFARORUIZ,Industrial,25,230472,13424622.7,16970728,58.25,73.63,"III Trimestre",Distribucion,"2025 3"
"Julio     ",2025,CNFL,"Media tensión b",122,29120780,1431397000,1833304000,49.15,62.96,"III Trimestre",Distribucion,"2025 3"
"Julio     ",2025,"TOTAL NACIONAL","Media tensión a",791,81672441.2,4810033510,6110472310,58.89,74.82,"III Trimestre",Distribucion,"2025 3"
"Julio     ",2025,JASEC,"Media tensión a",27,7143955,403690500,453094400,56.51,63.42,"III Trimestre",Distribucion,"2025 3"
"Julio     ",2025,ICE,"Media tensión a",544,48474330,2764637000,3575342000,57.03,73.76,"III Trimestre",Distribucion,"2025 3"
"Julio     ",2025,ESPH,"Media tensión a",6,584870,32877540,39850390,56.21,68.14,"III Trimestre",Distribucion,"2025 3"
"Julio     ",2025,COOPESANTOS,"Media tensión a",8,382521,34260850,37933270,89.57,99.17,"III Trimestre",Distribucion,"2025 3"
"Julio     ",2025,COOPELESCA,"Media tensión a",2,791875.2,55768620,58947250,70.43,74.44,"III Trimestre",Distribucion,"2025 3"
"Julio     ",2025,CNFL,"Media tensión a",204,24294890,1518799000,1945305000,62.52,80.07,"III Trimestre",Distribucion,"2025 3"
"Julio     ",2025,"TOTAL NACIONAL",Industrial,7305,31377616.94,2622273157.7,3218201375,83.57,102.56,"III Trimestre",Distribucion,"2025 3"
"Julio     ",2025,JASEC,Industrial,538,6135778,442520600,530726250,72.12,86.5,"III Trimestre",Distribucion,"2025 3"
"Julio     ",2025,ICE,Industrial,2963,10184642,915228600,1183601700,89.86,116.21,"III Trimestre",Distribucion,"2025 3"
"Julio     ",2025,ESPH,Industrial,341,3995699,258878510,313795060,64.79,78.53,"III Trimestre",Distribucion,"2025 3"
"Julio     ",2025,COOPESANTOS,Industrial,197,132759.61,19987339,22130083,150.55,166.69,"III Trimestre",Distribucion,"2025 3"
"Julio     ",2025,COOPELESCA,Industrial,1678,4351904,393780800,416204000,90.48,95.64,"III Trimestre",Distribucion,"2025 3"
"Julio     ",2025,COOPEGUANACASTE,Industrial,227,599147.33,55749706,65282654,93.05,108.96,"III Trimestre",Distribucion,"2025 3"
"Julio     ",2025,CNFL,Industrial,1336,5747215,522702980,669490900,90.95,116.49,"III Trimestre",Distribucion,"2025 3"
"Julio     ",2025,"TOTAL NACIONAL","Ventas al servicio de Distribución",0,116906963,3349225868.3,5613488754.07,28.65,48.02,"III Trimestre",Generacion,"2025 3"
"Junio     ",2025,CNFL,"Alumbrado Público",0,5138575.96,190384933.32,190384933.32,37.05,37.05,"II Trimestre",Distribucion,"2025 2"
"Junio     ",2025,COOPESANTOS,Residencial,49136,7144204,589784200,652985100,82.55,91.4,"II Trimestre",Distribucion,"2025 2"
"Junio     ",2025,COOPELESCA,Residencial,106054,19654910,1524903000,1610566000,77.58,81.94,"II Trimestre",Distribucion,"2025 2"
"Junio     ",2025,COOPEGUANACASTE,Residencial,80822,28548570,2025021000,2370349000,70.93,83.03,"II Trimestre",Distribucion,"2025 2"
"Junio     ",2025,COOPEALFARORUIZ,Residencial,6296,1429013,76722310,96990030,53.69,67.87,"II Trimestre",Distribucion,"2025 2"
"Junio     ",2025,CNFL,Residencial,536081,128132700,8134926000,10419380000,63.49,81.32,"II Trimestre",Distribucion,"2025 2"
"Junio     ",2025,"TOTAL NACIONAL",Promocional,30,469596,29667880,38000160,63.18,80.92,"II Trimestre",Distribucion,"2025 2"
"Junio     ",2025,ESPH,Residencial,84750,21862910,1472929000,1785356000,67.37,81.66,"II Trimestre",Distribucion,"2025 2"
"Junio     ",2025,CNFL,Promocional,30,469596,29667880,38000160,63.18,80.92,"II Trimestre",Distribucion,"2025 2"
"Junio     ",2025,JASEC,Preferencial,717,1117161,54829080,68678120,49.08,61.48,"II Trimestre",Distribucion,"2025 2"
"Junio     ",2025,ICE,Preferencial,6785,10778297,747646900,966823000,69.37,89.7,"II Trimestre",Distribucion,"2025 2"
"Junio     ",2025,ESPH,Preferencial,931,4573719,235325280,285202500,51.45,62.36,"II Trimestre",Distribucion,"2025 2"
"Junio     ",2025,COOPESANTOS,Preferencial,516,188089.3,23611870,26143720,125.54,139,"II Trimestre",Distribucion,"2025 2"
"Junio     ",2025,CNFL,Preferencial,3217,14701724,705442600,903517000,47.98,61.46,"II Trimestre",Distribucion,"2025 2"
"Junio     ",2025,"TOTAL NACIONAL","Media tensión b",376,132573520,6423386500,8113717700,48.45,61.2,"II Trimestre",Distribucion,"2025 2"
"Junio     ",2025,"TOTAL NACIONAL",Preferencial,12166,31358990.3,1766855730,2250364340,56.34,71.76,"II Trimestre",Distribucion,"2025 2"
"Junio     ",2025,ICE,Residencial,797885,162201600,11852970000,15328610000,73.08,94.5,"II Trimestre",Distribucion,"2025 2"
"Junio     ",2025,JASEC,Residencial,94099,22193420,1166262000,1559463000,52.55,70.27,"II Trimestre",Distribucion,"2025 2"
"Junio     ",2025,"TOTAL NACIONAL",Residencial,1755123,391167327,26843517510,33823699130,68.62,86.47,"II Trimestre",Distribucion,"2025 2"
"Junio     ",2025,ESPH,"Ventas al servicio de Distribución",0,32251034,988797814.33,1657276153.72,30.66,51.39,"II Trimestre",Generacion,"2025 2"
"Junio     ",2025,COOPESANTOS,"Ventas al servicio de Distribución",0,6020859,183488303.36,307535763.99,30.48,51.08,"II Trimestre",Generacion,"2025 2"
"Junio     ",2025,COOPELESCA,"Ventas al servicio de Distribución",0,0,34410488.08,57671866.54,0,0,"II Trimestre",Generacion,"2025 2"
"Junio     ",2025,COOPEGUANACASTE,"Ventas al servicio de Distribución",0,27956475,813679047.96,1363770532.96,29.11,48.78,"II Trimestre",Generacion,"2025 2"
"Junio     ",2025,COOPEALFARORUIZ,"Ventas al servicio de Distribución",0,1320518,41726248.92,69935209.52,31.6,52.96,"II Trimestre",Generacion,"2025 2"
"Junio     ",2025,"TOTAL NACIONAL","Ventas a ICE distribución y a la CNFL",0,724139592.08,20239839402.51,33920862163.77,27.95,46.84,"II Trimestre",Generacion,"2025 2"
"Junio     ",2025,ICE,"Ventas a ICE distribución y a la CNFL",0,426154566.08,11787858651.25,19755816416.74,27.66,46.36,"II Trimestre",Generacion,"2025 2"
"Junio     ",2025,CNFL,"Ventas a ICE distribución y a la CNFL",0,297985026,8451980751.26,14165045747.03,28.36,47.54,"II Trimestre",Generacion,"2025 2"
"Junio     ",2025,"Usuarios Directos","Usuarios Directos",16,44946140,890627300,1389694000,19.82,30.92,"II Trimestre",Generacion,"2025 2"
"Junio     ",2025,"TOTAL NACIONAL","Residencial modalidad prepago",3,392.17,27433.42,28974.37,69.95,73.88,"II Trimestre",Distribucion,"2025 2"
"Junio     ",2025,COOPELESCA,"Residencial modalidad prepago",3,392.17,27433.42,28974.37,69.95,73.88,"II Trimestre",Distribucion,"2025 2"
"Junio     ",2025,"TOTAL NACIONAL","Residencial horaria",9189,5170420,290417263.3,372015660.4,56.17,71.95,"II Trimestre",Distribucion,"2025 2"
"Junio     ",2025,ESPH,"Residencial horaria",14,7509,498735.3,604528.4,66.42,80.51,"II Trimestre",Distribucion,"2025 2"
"Junio     ",2025,ICE,"Residencial horaria",126,78988,6796128,8788532,86.04,111.26,"II Trimestre",Distribucion,"2025 2"
"Junio     ",2025,CNFL,"Residencial horaria",9049,5083923,283122400,362622600,55.69,71.33,"II Trimestre",Distribucion,"2025 2"
"Junio     ",2025,ESPH,"Media tensión b",9,8993114,437757200,530590200,48.68,59,"II Trimestre",Distribucion,"2025 2"
"Junio     ",2025,ICE,"Media tensión b",210,70910710,3357483000,4341998000,47.35,61.23,"II Trimestre",Distribucion,"2025 2"
"Junio     ",2025,JASEC,"Media tensión b",21,17219380,781433000,973560700,45.38,56.54,"II Trimestre",Distribucion,"2025 2"
"Junio     ",2025,COOPELESCA,"Media tensión b",14,6988666,435066300,459559800,62.25,65.76,"II Trimestre",Distribucion,"2025 2"
"Junio     ",2025,ICE,"Comercios y servicios",113809,94074548,8307133128,10743064532,88.3,114.2,"II Trimestre",Distribucion,"2025 2"
"Junio     ",2025,ESPH,"Comercios y servicios",11562,17272592,1210692035.3,1467485828.4,70.09,84.96,"II Trimestre",Distribucion,"2025 2"
"Junio     ",2025,COOPESANTOS,"Comercios y servicios",3969,2117319.1,302005250,334287330,142.64,157.88,"II Trimestre",Distribucion,"2025 2"
"Junio     ",2025,COOPELESCA,"Comercios y servicios",14586,18194012,1573784700,1662468800,86.5,91.37,"II Trimestre",Distribucion,"2025 2"
"Junio     ",2025,COOPEGUANACASTE,"Comercios y servicios",19040,25351103,1995258800,2335917500,78.71,92.14,"II Trimestre",Distribucion,"2025 2"
"Junio     ",2025,COOPEALFARORUIZ,"Comercios y servicios",1996,843753,55817460,70520740,66.15,83.58,"II Trimestre",Distribucion,"2025 2"
"Junio     ",2025,CNFL,"Comercios y servicios",75833,98498350,8439218000,10809045000,85.68,109.74,"II Trimestre",Distribucion,"2025 2"
"Junio     ",2025,"TOTAL NACIONAL","Alumbrado Público",0,21052714.54,1012091219.24,1012091219.24,48.07,48.07,"II Trimestre",Distribucion,"2025 2"
"Junio     ",2025,JASEC,"Alumbrado Público",0,1230058.58,67638067.33,67638067.33,54.99,54.99,"II Trimestre",Distribucion,"2025 2"
"Junio     ",2025,ICE,"Alumbrado Público",0,12099412.8,616996527.99,616996527.99,50.99,50.99,"II Trimestre",Distribucion,"2025 2"
"Junio     ",2025,ESPH,"Alumbrado Público",0,627878.73,33936845.57,33936845.57,54.05,54.05,"II Trimestre",Distribucion,"2025 2"
"Junio     ",2025,COOPESANTOS,"Alumbrado Público",0,369747,14113281.8,14113281.8,38.17,38.17,"II Trimestre",Distribucion,"2025 2"
"Junio     ",2025,COOPELESCA,"Alumbrado Público",0,852651.63,42002130.88,42002130.88,49.26,49.26,"II Trimestre",Distribucion,"2025 2"
"Junio     ",2025,COOPEGUANACASTE,"Alumbrado Público",0,701292.62,45359606.66,45359606.66,64.68,64.68,"II Trimestre",Distribucion,"2025 2"
"Junio     ",2025,COOPEALFARORUIZ,"Alumbrado Público",0,33097.22,1659825.69,1659825.69,50.15,50.15,"II Trimestre",Distribucion,"2025 2"
"Junio     ",2025,JASEC,"Comercios y servicios",16123,11333942,782078500,1001717500,69,88.38,"II Trimestre",Distribucion,"2025 2"
"Junio     ",2025,JASEC,"Ventas al servicio de Distribución",0,50609784,1395823831.72,2339481521.08,27.58,46.23,"II Trimestre",Generacion,"2025 2"
"Junio     ",2025,"TOTAL NACIONAL","Comercios y servicios",256918,267685619.1,22665987873.3,28424507230.4,84.67,106.19,"II Trimestre",Distribucion,"2025 2"
"Junio     ",2025,COOPEALFARORUIZ,Industrial,25,219772,14444931,18260678,65.73,83.09,"II Trimestre",Distribucion,"2025 2"
"Junio     ",2025,CNFL,"Media tensión b",122,28461650,1411647000,1808009000,49.6,63.52,"II Trimestre",Distribucion,"2025 2"
"Junio     ",2025,"TOTAL NACIONAL","Media tensión a",789,81511777.9,4860986060,6165615160,59.64,75.64,"II Trimestre",Distribucion,"2025 2"
"Junio     ",2025,JASEC,"Media tensión a",27,7376725,422823000,468795200,57.32,63.55,"II Trimestre",Distribucion,"2025 2"
"Junio     ",2025,ICE,"Media tensión a",541,48819980,2803987000,3626230000,57.44,74.28,"II Trimestre",Distribucion,"2025 2"
"Junio     ",2025,ESPH,"Media tensión a",6,629001,36007910,43644630,57.25,69.39,"II Trimestre",Distribucion,"2025 2"
"Junio     ",2025,COOPESANTOS,"Media tensión a",8,421683.7,42756460,47339480,101.39,112.26,"II Trimestre",Distribucion,"2025 2"
"Junio     ",2025,COOPELESCA,"Media tensión a",2,802618.2,56073690,59227850,69.86,73.79,"II Trimestre",Distribucion,"2025 2"
"Junio     ",2025,CNFL,"Media tensión a",205,23461770,1499338000,1920378000,63.91,81.85,"II Trimestre",Distribucion,"2025 2"
"Junio     ",2025,"TOTAL NACIONAL",Industrial,7294,32096854.23,2677581463,3288917222,83.42,102.47,"II Trimestre",Distribucion,"2025 2"
"Junio     ",2025,JASEC,Industrial,525,6498253,461743850,554869210,71.06,85.39,"II Trimestre",Distribucion,"2025 2"
"Junio     ",2025,ICE,Industrial,2970,10449744,939418200,1214884600,89.9,116.26,"II Trimestre",Distribucion,"2025 2"
"Junio     ",2025,ESPH,Industrial,341,4059233,261617200,317114880,64.45,78.12,"II Trimestre",Distribucion,"2025 2"
"Junio     ",2025,COOPESANTOS,Industrial,199,136377.9,19928398,22064904,146.13,161.79,"II Trimestre",Distribucion,"2025 2"
"Junio     ",2025,COOPELESCA,Industrial,1678,4234724,389781500,412032600,92.04,97.3,"II Trimestre",Distribucion,"2025 2"
"Junio     ",2025,COOPEGUANACASTE,Industrial,227,666991.33,62013734,72602950,92.98,108.85,"II Trimestre",Distribucion,"2025 2"
"Junio     ",2025,CNFL,Industrial,1329,5831759,528633650,677087400,90.65,116.1,"II Trimestre",Distribucion,"2025 2"
"Junio     ",2025,"TOTAL NACIONAL","Ventas al servicio de Distribución",0,118158670,3457925734.37,5795671047.81,29.27,49.05,"II Trimestre",Generacion,"2025 2"
"Mayo      ",2025,CNFL,"Alumbrado Público",0,5351958.36,197590535.63,197590535.63,36.92,36.92,"II Trimestre",Distribucion,"2025 2"
"Mayo      ",2025,COOPESANTOS,Residencial,49066,6910554.28,567424300,628229000,82.11,90.91,"II Trimestre",Distribucion,"2025 2"
"Mayo      ",2025,COOPELESCA,Residencial,105649,19861367.25,1541140000,1627715000,77.59,81.95,"II Trimestre",Distribucion,"2025 2"
"Mayo      ",2025,COOPEGUANACASTE,Residencial,80554,33368359.69,2409179000,2820043000,72.2,84.51,"II Trimestre",Distribucion,"2025 2"
"Mayo      ",2025,COOPEALFARORUIZ,Residencial,6290,1414024,75825240,95854980,53.62,67.79,"II Trimestre",Distribucion,"2025 2"
"Mayo      ",2025,CNFL,Residencial,535625,126261263,7992849000,10237410000,63.3,81.08,"II Trimestre",Distribucion,"2025 2"
"Mayo      ",2025,"TOTAL NACIONAL",Promocional,30,510845,35358625,45289000,69.22,88.66,"II Trimestre",Distribucion,"2025 2"
"Mayo      ",2025,ESPH,Residencial,84644,21136640,1418045000,1718832000,67.09,81.32,"II Trimestre",Distribucion,"2025 2"
"Mayo      ",2025,CNFL,Promocional,30,510845,35358625,45289000,69.22,88.66,"II Trimestre",Distribucion,"2025 2"
"Mayo      ",2025,JASEC,Preferencial,717,918030,46108530,57327910,50.23,62.45,"II Trimestre",Distribucion,"2025 2"
"Mayo      ",2025,ICE,Preferencial,6796,10388212,718057100,928558500,69.12,89.39,"II Trimestre",Distribucion,"2025 2"
"Mayo      ",2025,ESPH,Preferencial,928,4328633,224555690,272150380,51.88,62.87,"II Trimestre",Distribucion,"2025 2"
"Mayo      ",2025,COOPESANTOS,Preferencial,503,163412.54,20314390,22492680,124.31,137.64,"II Trimestre",Distribucion,"2025 2"
"Mayo      ",2025,CNFL,Preferencial,3193,14529755,696780000,892422200,47.96,61.42,"II Trimestre",Distribucion,"2025 2"
"Mayo      ",2025,"TOTAL NACIONAL","Media tensión b",375,135414032.76,6584345700,8293250700,48.62,61.24,"II Trimestre",Distribucion,"2025 2"
"Mayo      ",2025,"TOTAL NACIONAL",Preferencial,12137,30328042.54,1705815710,2172951670,56.25,71.65,"II Trimestre",Distribucion,"2025 2"
"Mayo      ",2025,ICE,Residencial,796143,161070681,11783240000,15238420000,73.16,94.61,"II Trimestre",Distribucion,"2025 2"
"Mayo      ",2025,JASEC,Residencial,93988,21889194,1149408000,1536939000,52.51,70.21,"II Trimestre",Distribucion,"2025 2"
"Mayo      ",2025,"TOTAL NACIONAL",Residencial,1751959,391912083.22,26937110540,33903442980,68.73,86.51,"II Trimestre",Distribucion,"2025 2"
"Mayo      ",2025,ESPH,"Ventas al servicio de Distribución",0,45144057,1271489249.71,2131086950.25,28.17,47.21,"II Trimestre",Generacion,"2025 2"
"Mayo      ",2025,COOPESANTOS,"Ventas al servicio de Distribución",0,6020859,183488303.36,307535763.99,30.48,51.08,"II Trimestre",Generacion,"2025 2"
"Mayo      ",2025,COOPELESCA,"Ventas al servicio de Distribución",0,7427752.14,241962551.62,405540652,32.58,54.6,"II Trimestre",Generacion,"2025 2"
"Mayo      ",2025,COOPEGUANACASTE,"Ventas al servicio de Distribución",0,36060616,992137088.05,1662878728.53,27.51,46.11,"II Trimestre",Generacion,"2025 2"
"Mayo      ",2025,COOPEALFARORUIZ,"Ventas al servicio de Distribución",0,1905692,54944909.35,92090562.43,28.83,48.32,"II Trimestre",Generacion,"2025 2"
"Mayo      ",2025,"TOTAL NACIONAL","Ventas a ICE distribución y a la CNFL",0,777985229.83,21549129083.25,36115157734.56,27.7,46.42,"II Trimestre",Generacion,"2025 2"
"Mayo      ",2025,ICE,"Ventas a ICE distribución y a la CNFL",0,452188276.83,12423661665.53,20821383697.46,27.47,46.05,"II Trimestre",Generacion,"2025 2"
"Mayo      ",2025,CNFL,"Ventas a ICE distribución y a la CNFL",0,325796953,9125467417.72,15293774037.1,28.01,46.94,"II Trimestre",Generacion,"2025 2"
"Mayo      ",2025,"Usuarios Directos","Usuarios Directos",16,45635256,901988000,1408744000,19.77,30.87,"II Trimestre",Generacion,"2025 2"
"Mayo      ",2025,"TOTAL NACIONAL","Residencial modalidad prepago",3,394.3,28770.51,30384.96,72.97,77.06,"II Trimestre",Distribucion,"2025 2"
"Mayo      ",2025,COOPELESCA,"Residencial modalidad prepago",3,394.3,28770.51,30384.96,72.97,77.06,"II Trimestre",Distribucion,"2025 2"
"Mayo      ",2025,"TOTAL NACIONAL","Residencial horaria",9107,5048129,283227844.7,362806167.3,56.11,71.87,"II Trimestre",Distribucion,"2025 2"
"Mayo      ",2025,ESPH,"Residencial horaria",15,7188,483939.7,586594.3,67.33,81.61,"II Trimestre",Distribucion,"2025 2"
"Mayo      ",2025,ICE,"Residencial horaria",130,77211,6646605,8595173,86.08,111.32,"II Trimestre",Distribucion,"2025 2"
"Mayo      ",2025,CNFL,"Residencial horaria",8962,4963730,276097300,353624400,55.62,71.24,"II Trimestre",Distribucion,"2025 2"
"Mayo      ",2025,ESPH,"Media tensión b",9,7823016,388335000,470687500,49.64,60.17,"II Trimestre",Distribucion,"2025 2"
"Mayo      ",2025,ICE,"Media tensión b",211,74314909,3520676000,4553044000,47.38,61.27,"II Trimestre",Distribucion,"2025 2"
"Mayo      ",2025,JASEC,"Media tensión b",21,17452453,816313200,984316100,46.77,56.4,"II Trimestre",Distribucion,"2025 2"
"Mayo      ",2025,COOPELESCA,"Media tensión b",12,6743147.76,427005500,451106100,63.32,66.9,"II Trimestre",Distribucion,"2025 2"
"Mayo      ",2025,ICE,"Comercios y servicios",113367,93129633,8237576605,10653107173,88.45,114.39,"II Trimestre",Distribucion,"2025 2"
"Mayo      ",2025,ESPH,"Comercios y servicios",11512,15864909,1129148939.7,1368646894.3,71.17,86.27,"II Trimestre",Distribucion,"2025 2"
"Mayo      ",2025,COOPESANTOS,"Comercios y servicios",3982,2121842.85,303286360,335801460,142.94,158.26,"II Trimestre",Distribucion,"2025 2"
"Mayo      ",2025,COOPELESCA,"Comercios y servicios",14562,17972297.43,1557034600,1644791900,86.64,91.52,"II Trimestre",Distribucion,"2025 2"
"Mayo      ",2025,COOPEGUANACASTE,"Comercios y servicios",18811,27847190.92,2182852700,2555560900,78.39,91.77,"II Trimestre",Distribucion,"2025 2"
"Mayo      ",2025,COOPEALFARORUIZ,"Comercios y servicios",1996,859488,56620930,71534830,65.88,83.23,"II Trimestre",Distribucion,"2025 2"
"Mayo      ",2025,CNFL,"Comercios y servicios",75774,93934802.98,8125617000,10407428000,86.5,110.79,"II Trimestre",Distribucion,"2025 2"
"Mayo      ",2025,"TOTAL NACIONAL","Alumbrado Público",0,21805953.12,1044065681.46,1044065681.46,47.88,47.88,"II Trimestre",Distribucion,"2025 2"
"Mayo      ",2025,JASEC,"Alumbrado Público",0,1271656.38,69925433.64,69925433.64,54.99,54.99,"II Trimestre",Distribucion,"2025 2"
"Mayo      ",2025,ICE,"Alumbrado Público",0,12503403.6,634603556.31,634603556.31,50.75,50.75,"II Trimestre",Distribucion,"2025 2"
"Mayo      ",2025,ESPH,"Alumbrado Público",0,648453.65,35048919.84,35048919.84,54.05,54.05,"II Trimestre",Distribucion,"2025 2"
"Mayo      ",2025,COOPESANTOS,"Alumbrado Público",0,390419,14902014.6,14902014.6,38.17,38.17,"II Trimestre",Distribucion,"2025 2"
"Mayo      ",2025,COOPELESCA,"Alumbrado Público",0,880452.37,43371611.47,43371611.47,49.26,49.26,"II Trimestre",Distribucion,"2025 2"
"Mayo      ",2025,COOPEGUANACASTE,"Alumbrado Público",0,725427.44,46920646.82,46920646.82,64.68,64.68,"II Trimestre",Distribucion,"2025 2"
"Mayo      ",2025,COOPEALFARORUIZ,"Alumbrado Público",0,34182.32,1702963.15,1702963.15,49.82,49.82,"II Trimestre",Distribucion,"2025 2"
"Mayo      ",2025,JASEC,"Comercios y servicios",16079,10831771.12,754291200,963438100,69.64,88.95,"II Trimestre",Distribucion,"2025 2"
"Mayo      ",2025,JASEC,"Ventas al servicio de Distribución",0,56789326,1540409234.25,2581816655.92,27.12,45.46,"II Trimestre",Generacion,"2025 2"
"Mayo      ",2025,"TOTAL NACIONAL","Comercios y servicios",256083,262561935.3,22346428334.7,28000309257.3,85.11,106.64,"II Trimestre",Distribucion,"2025 2"
"Mayo      ",2025,COOPEALFARORUIZ,Industrial,25,228184,13474913,17034321,59.05,74.65,"II Trimestre",Distribucion,"2025 2"
"Mayo      ",2025,CNFL,"Media tensión b",122,29080507,1432016000,1834097000,49.24,63.07,"II Trimestre",Distribucion,"2025 2"
"Mayo      ",2025,"TOTAL NACIONAL","Media tensión a",789,83691845.23,5010411900,6344420370,59.87,75.81,"II Trimestre",Distribucion,"2025 2"
"Mayo      ",2025,JASEC,"Media tensión a",27,6868425,401841300,448116000,58.51,65.24,"II Trimestre",Distribucion,"2025 2"
"Mayo      ",2025,ICE,"Media tensión a",539,49232968,2837720000,3669855000,57.64,74.54,"II Trimestre",Distribucion,"2025 2"
"Mayo      ",2025,ESPH,"Media tensión a",6,563498,32272570,39117080,57.27,69.42,"II Trimestre",Distribucion,"2025 2"
"Mayo      ",2025,COOPESANTOS,"Media tensión a",8,475353.71,38579630,42716090,81.16,89.86,"II Trimestre",Distribucion,"2025 2"
"Mayo      ",2025,COOPELESCA,"Media tensión a",4,1722185.52,146284400,154590200,84.94,89.76,"II Trimestre",Distribucion,"2025 2"
"Mayo      ",2025,CNFL,"Media tensión a",205,24829415,1553714000,1990026000,62.58,80.15,"II Trimestre",Distribucion,"2025 2"
"Mayo      ",2025,"TOTAL NACIONAL",Industrial,7280,30603558.87,2604123063,3191148588,85.09,104.27,"II Trimestre",Distribucion,"2025 2"
"Mayo      ",2025,JASEC,Industrial,509,5788369,425908540,509199760,73.58,87.97,"II Trimestre",Distribucion,"2025 2"
"Mayo      ",2025,ICE,Industrial,2975,9844580,899093500,1162734800,91.33,118.11,"II Trimestre",Distribucion,"2025 2"
"Mayo      ",2025,ESPH,Industrial,341,3756392,249055770,301888430,66.3,80.37,"II Trimestre",Distribucion,"2025 2"
"Mayo      ",2025,COOPESANTOS,Industrial,199,151155.7,22359220,24756278,147.92,163.78,"II Trimestre",Distribucion,"2025 2"
"Mayo      ",2025,COOPELESCA,Industrial,1678,4110928.54,380545400,402228500,92.57,97.84,"II Trimestre",Distribucion,"2025 2"
"Mayo      ",2025,COOPEGUANACASTE,Industrial,225,1394553.63,115552290,135285299,82.86,97.01,"II Trimestre",Distribucion,"2025 2"
"Mayo      ",2025,CNFL,Industrial,1328,5329396,498133430,638021200,93.47,119.72,"II Trimestre",Distribucion,"2025 2"
"Mayo      ",2025,"TOTAL NACIONAL","Ventas al servicio de Distribución",0,153348302.14,4284431336.34,7180949313.12,27.94,46.83,"II Trimestre",Generacion,"2025 2"
"Abril     ",2025,CNFL,"Alumbrado Público",0,5203365.9,192785422.79,192785422.79,37.05,37.05,"II Trimestre",Distribucion,"2025 2"
"Abril     ",2025,COOPELESCA,Residencial,105280,18969150,1465334000,1547649000,77.25,81.59,"II Trimestre",Distribucion,"2025 2"
"Abril     ",2025,COOPEGUANACASTE,Residencial,80325,32997590,2382369000,2788644000,72.2,84.51,"II Trimestre",Distribucion,"2025 2"
"Abril     ",2025,COOPEALFARORUIZ,Residencial,6290,1429856,76801520,97088360,53.71,67.9,"II Trimestre",Distribucion,"2025 2"
"Abril     ",2025,CNFL,Residencial,535098,124465400,7860696000,10068150000,63.16,80.89,"II Trimestre",Distribucion,"2025 2"
"Abril     ",2025,"TOTAL NACIONAL",Promocional,30,479872,32279410,41344990,67.27,86.16,"II Trimestre",Distribucion,"2025 2"
"Abril     ",2025,CNFL,Promocional,30,479872,32279410,41344990,67.27,86.16,"II Trimestre",Distribucion,"2025 2"
"Abril     ",2025,COOPESANTOS,Residencial,48972,7105504,584995400,647683200,82.33,91.15,"II Trimestre",Distribucion,"2025 2"
"Abril     ",2025,"TOTAL NACIONAL",Preferencial,12122,30846558.9,1734291920,2209667440,56.22,71.63,"II Trimestre",Distribucion,"2025 2"
"Abril     ",2025,ICE,Preferencial,6791,10650417,738682600,955230700,69.36,89.69,"II Trimestre",Distribucion,"2025 2"
"Abril     ",2025,ESPH,Preferencial,922,4411681,228465280,276887210,51.79,62.76,"II Trimestre",Distribucion,"2025 2"
"Abril     ",2025,COOPESANTOS,Preferencial,506,165811.9,20648260,22862350,124.53,137.88,"II Trimestre",Distribucion,"2025 2"
"Abril     ",2025,CNFL,Preferencial,3187,14579959,696579800,892165600,47.78,61.19,"II Trimestre",Distribucion,"2025 2"
"Abril     ",2025,"TOTAL NACIONAL","Media tensión b",374,124274257,6119345000,7750019200,49.24,62.36,"II Trimestre",Distribucion,"2025 2"
"Abril     ",2025,ESPH,"Media tensión b",9,8233707,401165900,486243000,48.72,59.06,"II Trimestre",Distribucion,"2025 2"
"Abril     ",2025,JASEC,Preferencial,716,1038690,49915980,62521580,48.06,60.19,"II Trimestre",Distribucion,"2025 2"
"Abril     ",2025,ICE,"Media tensión b",210,69203760,3330378000,4306944000,48.12,62.24,"II Trimestre",Distribucion,"2025 2"
"Abril     ",2025,ESPH,Residencial,84590,21482230,1443885000,1750113000,67.21,81.47,"II Trimestre",Distribucion,"2025 2"
"Abril     ",2025,JASEC,Residencial,93870,21319440,1117066000,1493727000,52.4,70.06,"II Trimestre",Distribucion,"2025 2"
"Abril     ",2025,ESPH,"Ventas al servicio de Distribución",0,45033553,1211276479.05,2030169332.41,26.9,45.08,"II Trimestre",Generacion,"2025 2"
"Abril     ",2025,COOPESANTOS,"Ventas al servicio de Distribución",0,5136703,162034931.96,271578469.69,31.54,52.87,"II Trimestre",Generacion,"2025 2"
"Abril     ",2025,COOPELESCA,"Ventas al servicio de Distribución",0,16542552.48,415397293.25,696231359.13,25.11,42.09,"II Trimestre",Generacion,"2025 2"
"Abril     ",2025,COOPEGUANACASTE,"Ventas al servicio de Distribución",0,24883174,1166463158.16,1955058083.81,46.88,78.57,"II Trimestre",Generacion,"2025 2"
"Abril     ",2025,COOPEALFARORUIZ,"Ventas al servicio de Distribución",0,1984658,56529661.22,94746707.86,28.48,47.74,"II Trimestre",Generacion,"2025 2"
"Abril     ",2025,"TOTAL NACIONAL","Ventas a ICE distribución y a la CNFL",0,746614666.62,20859117431.82,34958748233,27.94,46.82,"II Trimestre",Generacion,"2025 2"
"Abril     ",2025,ICE,Residencial,795139,166664600,12274290000,15873170000,73.65,95.24,"II Trimestre",Distribucion,"2025 2"
"Abril     ",2025,ICE,"Ventas a ICE distribución y a la CNFL",0,440532252.62,12195960179.24,20439772956.12,27.68,46.4,"II Trimestre",Generacion,"2025 2"
"Abril     ",2025,"Usuarios Directos","Usuarios Directos",16,42714650,862583800,1342655000,20.19,31.43,"II Trimestre",Generacion,"2025 2"
"Abril     ",2025,"TOTAL NACIONAL","Residencial horaria",8979,4976449,278695477.9,356999963.5,56,71.74,"II Trimestre",Distribucion,"2025 2"
"Abril     ",2025,ESPH,"Residencial horaria",13,7818,507200.9,614790.5,64.88,78.64,"II Trimestre",Distribucion,"2025 2"
"Abril     ",2025,ICE,"Residencial horaria",120,77608,6615677,8555173,85.24,110.24,"II Trimestre",Distribucion,"2025 2"
"Abril     ",2025,CNFL,"Residencial horaria",8846,4891023,271572600,347830000,55.52,71.12,"II Trimestre",Distribucion,"2025 2"
"Abril     ",2025,"TOTAL NACIONAL",Residencial,1749564,394433770,27205436920,34266224560,68.97,86.87,"II Trimestre",Distribucion,"2025 2"
"Abril     ",2025,CNFL,"Ventas a ICE distribución y a la CNFL",0,306082414,8663157252.58,14518975276.88,28.3,47.43,"II Trimestre",Generacion,"2025 2"
"Abril     ",2025,JASEC,"Media tensión b",21,12890490,592184400,759047600,45.94,58.88,"II Trimestre",Distribucion,"2025 2"
"Abril     ",2025,COOPELESCA,"Media tensión b",12,7255450,454596700,480232600,62.66,66.19,"II Trimestre",Distribucion,"2025 2"
"Abril     ",2025,CNFL,"Media tensión b",122,26690850,1341020000,1717552000,50.24,64.35,"II Trimestre",Distribucion,"2025 2"
"Abril     ",2025,ESPH,"Comercios y servicios",11524,16896581,1191016900.9,1443635690.5,70.49,85.44,"II Trimestre",Distribucion,"2025 2"
"Abril     ",2025,COOPESANTOS,"Comercios y servicios",3969,2119092.4,301850470,334211910,142.44,157.71,"II Trimestre",Distribucion,"2025 2"
"Abril     ",2025,COOPELESCA,"Comercios y servicios",14513,18116215,1567379800,1655683300,86.52,91.39,"II Trimestre",Distribucion,"2025 2"
"Abril     ",2025,COOPEGUANACASTE,"Comercios y servicios",18694,28332472,2208856700,2585975100,77.96,91.27,"II Trimestre",Distribucion,"2025 2"
"Abril     ",2025,COOPEALFARORUIZ,"Comercios y servicios",1996,861144,56645460,71560240,65.78,83.1,"II Trimestre",Distribucion,"2025 2"
"Abril     ",2025,CNFL,"Comercios y servicios",75654,94499360,8153243000,10442763000,86.28,110.51,"II Trimestre",Distribucion,"2025 2"
"Abril     ",2025,ICE,"Comercios y servicios",112777,98138508,8652701677,11189941173,88.17,114.02,"II Trimestre",Distribucion,"2025 2"
"Abril     ",2025,"TOTAL NACIONAL","Alumbrado Público",0,21129581.45,1014916757.8,1014916757.8,48.03,48.03,"II Trimestre",Distribucion,"2025 2"
"Abril     ",2025,ICE,"Alumbrado Público",0,12098682,616959285.25,616959285.25,50.99,50.99,"II Trimestre",Distribucion,"2025 2"
"Abril     ",2025,ESPH,"Alumbrado Público",0,626618.85,33868748.57,33868748.57,54.05,54.05,"II Trimestre",Distribucion,"2025 2"
"Abril     ",2025,COOPESANTOS,"Alumbrado Público",0,385972,14732275.1,14732275.1,38.17,38.17,"II Trimestre",Distribucion,"2025 2"
"Abril     ",2025,COOPELESCA,"Alumbrado Público",0,850710.99,41906533.79,41906533.79,49.26,49.26,"II Trimestre",Distribucion,"2025 2"
"Abril     ",2025,COOPEGUANACASTE,"Alumbrado Público",0,703112.11,45477291.27,45477291.27,64.68,64.68,"II Trimestre",Distribucion,"2025 2"
"Abril     ",2025,COOPEALFARORUIZ,"Alumbrado Público",0,32833.85,1646617.53,1646617.53,50.15,50.15,"II Trimestre",Distribucion,"2025 2"
"Abril     ",2025,JASEC,"Alumbrado Público",0,1228285.75,67540583.49,67540583.49,54.99,54.99,"II Trimestre",Distribucion,"2025 2"
"Abril     ",2025,JASEC,"Comercios y servicios",16170,12405452,856278600,1089288600,69.02,87.81,"II Trimestre",Distribucion,"2025 2"
"Abril     ",2025,"TOTAL NACIONAL","Comercios y servicios",255297,271368824.4,22987972607.9,28813059013.5,84.71,106.18,"II Trimestre",Distribucion,"2025 2"
"Abril     ",2025,CNFL,Industrial,1316,5324817,501395740,642199700,94.16,120.61,"II Trimestre",Distribucion,"2025 2"
"Abril     ",2025,"TOTAL NACIONAL","Media tensión a",785,84278116.7,5095736810,6421694020,60.46,76.2,"II Trimestre",Distribucion,"2025 2"
"Abril     ",2025,JASEC,"Media tensión a",26,8673240,501002100,541107900,57.76,62.39,"II Trimestre",Distribucion,"2025 2"
"Abril     ",2025,ICE,"Media tensión a",538,49960180,2885279000,3731359000,57.75,74.69,"II Trimestre",Distribucion,"2025 2"
"Abril     ",2025,ESPH,"Media tensión a",6,574344,33722790,40874860,58.72,71.17,"II Trimestre",Distribucion,"2025 2"
"Abril     ",2025,COOPESANTOS,"Media tensión a",7,548820.7,43686920,48371160,79.6,88.14,"II Trimestre",Distribucion,"2025 2"
"Abril     ",2025,COOPELESCA,"Media tensión a",4,1490162,135369000,143011100,90.84,95.97,"II Trimestre",Distribucion,"2025 2"
"Abril     ",2025,CNFL,"Media tensión a",204,23031370,1496677000,1916970000,64.98,83.23,"II Trimestre",Distribucion,"2025 2"
"Abril     ",2025,"TOTAL NACIONAL",Industrial,7167,31745265.13,2653461950,3254750586,83.59,102.53,"II Trimestre",Distribucion,"2025 2"
"Abril     ",2025,JASEC,Industrial,404,5782744,398549850,480930320,68.92,83.17,"II Trimestre",Distribucion,"2025 2"
"Abril     ",2025,ICE,Industrial,2977,10254387,923969700,1194905900,90.1,116.53,"II Trimestre",Distribucion,"2025 2"
"Abril     ",2025,ESPH,Industrial,341,3933322,255566760,309780820,64.97,78.76,"II Trimestre",Distribucion,"2025 2"
"Abril     ",2025,COOPESANTOS,Industrial,201,202865.3,30706810,33998630,151.37,167.59,"II Trimestre",Distribucion,"2025 2"
"Abril     ",2025,COOPELESCA,Industrial,1678,4262598,388430900,410519400,91.13,96.31,"II Trimestre",Distribucion,"2025 2"
"Abril     ",2025,COOPEGUANACASTE,Industrial,225,1785643.83,142696140,167061357,79.91,93.56,"II Trimestre",Distribucion,"2025 2"
"Abril     ",2025,COOPEALFARORUIZ,Industrial,25,198888,12146050,15354459,61.07,77.2,"II Trimestre",Distribucion,"2025 2"
"Abril     ",2025,JASEC,"Ventas al servicio de Distribución",0,53520031,1512403228.98,2534873121.06,28.26,47.36,"II Trimestre",Generacion,"2025 2"
"Abril     ",2025,"TOTAL NACIONAL","Ventas al servicio de Distribución",0,147100671.48,4524104752.62,7582657073.96,30.76,51.55,"II Trimestre",Generacion,"2025 2"
"Marzo     ",2025,CNFL,"Alumbrado Público",0,5394405.63,199157644.54,199157644.54,36.92,36.92,"I Trimestre",Distribucion,"2025 1"
"Marzo     ",2025,COOPELESCA,Residencial,104905,19036800.23,1471550000,1554215000,77.3,81.64,"I Trimestre",Distribucion,"2025 1"
"Marzo     ",2025,COOPEGUANACASTE,Residencial,80005,28606378.76,2038513000,2386137000,71.26,83.41,"I Trimestre",Distribucion,"2025 1"
"Marzo     ",2025,COOPEALFARORUIZ,Residencial,6271,1411491,75908310,95958820,53.78,67.98,"I Trimestre",Distribucion,"2025 1"
"Marzo     ",2025,CNFL,Residencial,534517,124680609,7884066000,10098070000,63.23,80.99,"I Trimestre",Distribucion,"2025 1"
"Marzo     ",2025,"TOTAL NACIONAL",Promocional,31,561578,37610215,48172980,66.97,85.78,"I Trimestre",Distribucion,"2025 1"
"Marzo     ",2025,CNFL,Promocional,31,561578,37610215,48172980,66.97,85.78,"I Trimestre",Distribucion,"2025 1"
"Marzo     ",2025,COOPESANTOS,Residencial,48898,6378708.08,517591400,573056000,81.14,89.84,"I Trimestre",Distribucion,"2025 1"
"Marzo     ",2025,"TOTAL NACIONAL",Preferencial,12112,29531667.16,1729583700,2208075140,58.57,74.77,"I Trimestre",Distribucion,"2025 1"
"Marzo     ",2025,ICE,Preferencial,6797,14108530,937182800,1211918400,66.43,85.9,"I Trimestre",Distribucion,"2025 1"
"Marzo     ",2025,ESPH,Preferencial,919,3653808,199015930,241199810,54.47,66.01,"I Trimestre",Distribucion,"2025 1"
"Marzo     ",2025,COOPESANTOS,Preferencial,504,163692.16,20376270,22561200,124.48,137.83,"I Trimestre",Distribucion,"2025 1"
"Marzo     ",2025,CNFL,Preferencial,3176,10619359,525126400,672572000,49.45,63.33,"I Trimestre",Distribucion,"2025 1"
"Marzo     ",2025,"TOTAL NACIONAL","Media tensión b",370,130660651.52,6350525300,8003158200,48.6,61.25,"I Trimestre",Distribucion,"2025 1"
"Marzo     ",2025,ESPH,"Media tensión b",9,7509183,374690300,454149200,49.9,60.48,"I Trimestre",Distribucion,"2025 1"
"Marzo     ",2025,JASEC,Preferencial,716,986278,47882300,59823730,48.55,60.66,"I Trimestre",Distribucion,"2025 1"
"Marzo     ",2025,ICE,"Media tensión b",206,70951040,3352028000,4334943000,47.24,61.1,"I Trimestre",Distribucion,"2025 1"
"Marzo     ",2025,ESPH,Residencial,84511,21360829.63,1479113000,1740738000,69.24,81.49,"I Trimestre",Distribucion,"2025 1"
"Marzo     ",2025,JASEC,Residencial,93734,21337457,1118393000,1495495000,52.41,70.09,"I Trimestre",Distribucion,"2025 1"
"Marzo     ",2025,ESPH,"Ventas al servicio de Distribución",0,45104250,1218805821.83,2042789220.22,27.02,45.29,"I Trimestre",Generacion,"2025 1"
"Marzo     ",2025,COOPESANTOS,"Ventas al servicio de Distribución",0,7574257,219191986.43,367377710.73,28.94,48.5,"I Trimestre",Generacion,"2025 1"
"Marzo     ",2025,COOPELESCA,"Ventas al servicio de Distribución",0,25457966.72,599679099.93,1005101390.47,23.56,39.48,"I Trimestre",Generacion,"2025 1"
"Marzo     ",2025,COOPEGUANACASTE,"Ventas al servicio de Distribución",0,40928456,1101872173.57,1846802747.77,26.92,45.12,"I Trimestre",Generacion,"2025 1"
"Marzo     ",2025,COOPEALFARORUIZ,"Ventas al servicio de Distribución",0,2290056,64382009.06,107907743.72,28.11,47.12,"I Trimestre",Generacion,"2025 1"
"Marzo     ",2025,"TOTAL NACIONAL","Ventas a ICE distribución y a la CNFL",0,782350617.18,21603324448.22,36205987336.47,27.61,46.28,"I Trimestre",Generacion,"2025 1"
"Marzo     ",2025,ICE,Residencial,793641,146921294,10630650000,13747870000,72.36,93.57,"I Trimestre",Distribucion,"2025 1"
"Marzo     ",2025,ICE,"Ventas a ICE distribución y a la CNFL",0,462908220.18,12706387202.56,21295216472.62,27.45,46,"I Trimestre",Generacion,"2025 1"
"Marzo     ",2025,"Usuarios Directos","Usuarios Directos",16,43434372,866263900,1348858000,19.94,31.06,"I Trimestre",Generacion,"2025 1"
"Marzo     ",2025,"TOTAL NACIONAL","Residencial horaria",8871,4951632,277324111.9,355239198.2,56.01,71.74,"I Trimestre",Distribucion,"2025 1"
"Marzo     ",2025,ESPH,"Residencial horaria",11,5770,379356.9,459827.2,65.75,79.69,"I Trimestre",Distribucion,"2025 1"
"Marzo     ",2025,ICE,"Residencial horaria",109,65023,5602655,7245171,86.16,111.42,"I Trimestre",Distribucion,"2025 1"
"Marzo     ",2025,CNFL,"Residencial horaria",8751,4880839,271342100,347534200,55.59,71.2,"I Trimestre",Distribucion,"2025 1"
"Marzo     ",2025,"TOTAL NACIONAL",Residencial,1746482,369733567.7,25215784710,31691539820,68.2,85.71,"I Trimestre",Distribucion,"2025 1"
"Marzo     ",2025,CNFL,"Ventas a ICE distribución y a la CNFL",0,319442397,8896937245.66,14910770863.85,27.85,46.68,"I Trimestre",Generacion,"2025 1"
"Marzo     ",2025,JASEC,"Media tensión b",21,17108081,802369900,969233200,46.9,56.65,"I Trimestre",Distribucion,"2025 1"
"Marzo     ",2025,COOPELESCA,"Media tensión b",12,6040034.52,392119100,414190800,64.92,68.57,"I Trimestre",Distribucion,"2025 1"
"Marzo     ",2025,CNFL,"Media tensión b",122,29052313,1429318000,1830642000,49.2,63.01,"I Trimestre",Distribucion,"2025 1"
"Marzo     ",2025,ESPH,"Comercios y servicios",11486,15360096,1105957456.9,1340535227.2,72,87.27,"I Trimestre",Distribucion,"2025 1"
"Marzo     ",2025,COOPESANTOS,"Comercios y servicios",3964,2029127.68,290601970,321708420,143.22,158.55,"I Trimestre",Distribucion,"2025 1"
"Marzo     ",2025,COOPELESCA,"Comercios y servicios",14463,18013582.04,1561576800,1649642100,86.69,91.58,"I Trimestre",Distribucion,"2025 1"
"Marzo     ",2025,COOPEGUANACASTE,"Comercios y servicios",18521,25682771.29,2019521600,2364335000,78.63,92.06,"I Trimestre",Distribucion,"2025 1"
"Marzo     ",2025,COOPEALFARORUIZ,"Comercios y servicios",2000,876239,57593450,72751150,65.73,83.03,"I Trimestre",Distribucion,"2025 1"
"Marzo     ",2025,CNFL,"Comercios y servicios",75499,94409220.95,8131203000,10414666000,86.13,110.31,"I Trimestre",Distribucion,"2025 1"
"Marzo     ",2025,ICE,"Comercios y servicios",112129,88071513,7841480655,10140834171,89.04,115.14,"I Trimestre",Distribucion,"2025 1"
"Marzo     ",2025,"TOTAL NACIONAL","Alumbrado Público",0,21835876.17,1045086401.53,1045086401.53,47.86,47.86,"I Trimestre",Distribucion,"2025 1"
"Marzo     ",2025,ICE,"Alumbrado Público",0,12498426.24,634350940.61,634350940.61,50.75,50.75,"I Trimestre",Distribucion,"2025 1"
"Marzo     ",2025,ESPH,"Alumbrado Público",0,647688.07,35007539.97,35007539.97,54.05,54.05,"I Trimestre",Distribucion,"2025 1"
"Marzo     ",2025,COOPESANTOS,"Alumbrado Público",0,385872,14728458.1,14728458.1,38.17,38.17,"I Trimestre",Distribucion,"2025 1"
"Marzo     ",2025,COOPELESCA,"Alumbrado Público",0,877779.42,43239940.64,43239940.64,49.26,49.26,"I Trimestre",Distribucion,"2025 1"
"Marzo     ",2025,COOPEGUANACASTE,"Alumbrado Público",0,728116.92,47094602.39,47094602.39,64.68,64.68,"I Trimestre",Distribucion,"2025 1"
"Marzo     ",2025,COOPEALFARORUIZ,"Alumbrado Público",0,33801.31,1684657.1,1684657.1,49.84,49.84,"I Trimestre",Distribucion,"2025 1"
"Marzo     ",2025,JASEC,"Alumbrado Público",0,1269786.59,69822618.18,69822618.18,54.99,54.99,"I Trimestre",Distribucion,"2025 1"
"Marzo     ",2025,JASEC,"Comercios y servicios",16200,13529077,961899100,1208959500,71.1,89.36,"I Trimestre",Distribucion,"2025 1"
"Marzo     ",2025,"TOTAL NACIONAL","Comercios y servicios",254262,257971626.96,21969834031.9,27513431568.2,85.16,106.65,"I Trimestre",Distribucion,"2025 1"
"Marzo     ",2025,CNFL,Industrial,1315,5456097,503153890,645466300,92.22,118.3,"I Trimestre",Distribucion,"2025 1"
"Marzo     ",2025,"TOTAL NACIONAL","Media tensión a",788,85437489.81,5119981430,6488983600,59.93,75.95,"I Trimestre",Distribucion,"2025 1"
"Marzo     ",2025,JASEC,"Media tensión a",26,6662530,380289400,420395200,57.08,63.1,"I Trimestre",Distribucion,"2025 1"
"Marzo     ",2025,ICE,"Media tensión a",541,52043776,3000719000,3880651000,57.66,74.57,"I Trimestre",Distribucion,"2025 1"
"Marzo     ",2025,ESPH,"Media tensión a",6,523550,29492950,35747980,56.33,68.28,"I Trimestre",Distribucion,"2025 1"
"Marzo     ",2025,COOPESANTOS,"Media tensión a",7,908566.73,80978280,89660020,89.13,98.68,"I Trimestre",Distribucion,"2025 1"
"Marzo     ",2025,COOPELESCA,"Media tensión a",4,1114858.08,104925800,110864400,94.12,99.44,"I Trimestre",Distribucion,"2025 1"
"Marzo     ",2025,CNFL,"Media tensión a",204,24184209,1523576000,1951665000,63,80.7,"I Trimestre",Distribucion,"2025 1"
"Marzo     ",2025,"TOTAL NACIONAL",Industrial,7099,28207464.01,2427050819,2981210489,86.04,105.69,"I Trimestre",Distribucion,"2025 1"
"Marzo     ",2025,JASEC,Industrial,331,3048949.52,204866720,249151270,67.19,81.72,"I Trimestre",Distribucion,"2025 1"
"Marzo     ",2025,ICE,Industrial,2980,9660921,897196000,1160280500,92.87,120.1,"I Trimestre",Distribucion,"2025 1"
"Marzo     ",2025,ESPH,Industrial,340,3603005,236937230,287199280,65.76,79.71,"I Trimestre",Distribucion,"2025 1"
"Marzo     ",2025,COOPESANTOS,Industrial,202,327733.29,48435220,53627210,147.79,163.63,"I Trimestre",Distribucion,"2025 1"
"Marzo     ",2025,COOPELESCA,Industrial,1681,4192132.42,384939500,406858700,91.82,97.05,"I Trimestre",Distribucion,"2025 1"
"Marzo     ",2025,COOPEGUANACASTE,Industrial,225,1702102.78,138316027,161932531,81.26,95.14,"I Trimestre",Distribucion,"2025 1"
"Marzo     ",2025,COOPEALFARORUIZ,Industrial,25,216523,13206232,16694698,60.99,77.1,"I Trimestre",Distribucion,"2025 1"
"Marzo     ",2025,JASEC,"Ventas al servicio de Distribución",0,55884017,1518984158.05,2545906948.38,27.18,45.56,"I Trimestre",Generacion,"2025 1"
"Marzo     ",2025,"TOTAL NACIONAL","Ventas al servicio de Distribución",0,177239002.72,4722915248.87,7915885761.29,26.65,44.66,"I Trimestre",Generacion,"2025 1"
"Febrero   ",2025,CNFL,Promocional,32,511929,31342675,40145370,61.22,78.42,"I Trimestre",Distribucion,"2025 1"
"Febrero   ",2025,"TOTAL NACIONAL",Preferencial,12099,27347730.23,1569960840,2003365130,57.41,73.26,"I Trimestre",Distribucion,"2025 1"
"Febrero   ",2025,JASEC,Preferencial,710,869050,42212230,52587300,48.57,60.51,"I Trimestre",Distribucion,"2025 1"
"Febrero   ",2025,ICE,Preferencial,6794,12387240,821934700,1062884700,66.35,85.8,"I Trimestre",Distribucion,"2025 1"
"Febrero   ",2025,ESPH,Preferencial,920,3680878,193254640,234215070,52.5,63.63,"I Trimestre",Distribucion,"2025 1"
"Febrero   ",2025,COOPESANTOS,Preferencial,503,131417.23,16121720,17850460,122.68,135.83,"I Trimestre",Distribucion,"2025 1"
"Febrero   ",2025,CNFL,Preferencial,3172,10279145,496437550,635827600,48.3,61.86,"I Trimestre",Distribucion,"2025 1"
"Febrero   ",2025,"TOTAL NACIONAL","Media tensión b",368,122320160.72,5984168200,7556598200,48.92,61.78,"I Trimestre",Distribucion,"2025 1"
"Febrero   ",2025,"TOTAL NACIONAL",Promocional,32,511929,31342675,40145370,61.22,78.42,"I Trimestre",Distribucion,"2025 1"
"Febrero   ",2025,ESPH,"Media tensión b",9,8322154,405479800,491469500,48.72,59.06,"I Trimestre",Distribucion,"2025 1"
"Febrero   ",2025,JASEC,"Media tensión b",21,15097418,711640200,878503500,47.14,58.19,"I Trimestre",Distribucion,"2025 1"
"Febrero   ",2025,COOPELESCA,"Media tensión b",12,6114489.72,384451200,406075200,62.88,66.41,"I Trimestre",Distribucion,"2025 1"
"Febrero   ",2025,CNFL,"Media tensión b",122,26430437,1323494000,1695105000,50.07,64.13,"I Trimestre",Distribucion,"2025 1"
"Febrero   ",2025,"TOTAL NACIONAL","Media tensión a",786,80241249.27,4922584260,6236690280,61.35,77.72,"I Trimestre",Distribucion,"2025 1"
"Febrero   ",2025,JASEC,"Media tensión a",26,5964930,356878800,396984600,59.83,66.55,"I Trimestre",Distribucion,"2025 1"
"Febrero   ",2025,ICE,"Media tensión a",541,49464115,2892079000,3740152000,58.47,75.61,"I Trimestre",Distribucion,"2025 1"
"Febrero   ",2025,ESPH,"Media tensión a",6,551733,30720660,37236080,55.68,67.49,"I Trimestre",Distribucion,"2025 1"
"Febrero   ",2025,COOPESANTOS,"Media tensión a",7,1177932.15,96856000,107239700,82.23,91.04,"I Trimestre",Distribucion,"2025 1"
"Febrero   ",2025,ICE,"Media tensión b",204,66355662,3159103000,4085445000,47.61,61.57,"I Trimestre",Distribucion,"2025 1"
"Febrero   ",2025,CNFL,Residencial,533906,124717918,7887214000,10102110000,63.24,81,"I Trimestre",Distribucion,"2025 1"
"Febrero   ",2025,COOPEALFARORUIZ,Residencial,6270,1303826,69498970,87857250,53.3,67.38,"I Trimestre",Distribucion,"2025 1"
"Febrero   ",2025,COOPEGUANACASTE,Residencial,79754,29401959,2096792000,2454385000,71.31,83.48,"I Trimestre",Distribucion,"2025 1"
"Febrero   ",2025,ESPH,"Ventas al servicio de Distribución",0,23568657,672678477.18,1127446322.6,28.54,47.84,"I Trimestre",Generacion,"2025 1"
"Febrero   ",2025,COOPESANTOS,"Ventas al servicio de Distribución",0,3842634,134175557.75,224883953.69,34.92,58.52,"I Trimestre",Generacion,"2025 1"
"Febrero   ",2025,COOPELESCA,"Ventas al servicio de Distribución",0,6890426,191300024.64,320629627.4,27.76,46.53,"I Trimestre",Generacion,"2025 1"
"Febrero   ",2025,COOPEGUANACASTE,"Ventas al servicio de Distribución",0,22304508,668460272.45,1120374693.3,29.97,50.23,"I Trimestre",Generacion,"2025 1"
"Febrero   ",2025,COOPEALFARORUIZ,"Ventas al servicio de Distribución",0,1670800,48851006.56,81876771.81,29.24,49,"I Trimestre",Generacion,"2025 1"
"Febrero   ",2025,"TOTAL NACIONAL","Ventas a ICE distribución y a la CNFL",0,682772116.65,19244324809.41,32252453755.59,28.19,47.24,"I Trimestre",Generacion,"2025 1"
"Febrero   ",2025,ICE,"Ventas a ICE distribución y a la CNFL",0,404315587.65,11342101433.77,19008758418.93,28.05,47.01,"I Trimestre",Generacion,"2025 1"
"Febrero   ",2025,CNFL,"Ventas a ICE distribución y a la CNFL",0,278456529,7902223375.64,13243695336.66,28.38,47.56,"I Trimestre",Generacion,"2025 1"
"Febrero   ",2025,"Usuarios Directos","Usuarios Directos",16,39030140,796765400,1232308000,20.41,31.57,"I Trimestre",Generacion,"2025 1"
"Febrero   ",2025,"TOTAL NACIONAL","Residencial horaria",8746,4862604,275185633.3,352497859.3,56.59,72.49,"I Trimestre",Distribucion,"2025 1"
"Febrero   ",2025,ESPH,"Residencial horaria",10,5133,345570.3,418873.3,67.32,81.6,"I Trimestre",Distribucion,"2025 1"
"Febrero   ",2025,ICE,"Residencial horaria",100,61801,5239763,6775886,84.78,109.64,"I Trimestre",Distribucion,"2025 1"
"Febrero   ",2025,CNFL,"Residencial horaria",8636,4795670,269600300,345303100,56.22,72,"I Trimestre",Distribucion,"2025 1"
"Febrero   ",2025,"TOTAL NACIONAL",Residencial,1743235,379051352.74,25949836770,32724449450,68.46,86.33,"I Trimestre",Distribucion,"2025 1"
"Febrero   ",2025,JASEC,Residencial,93587,21893745,1165637000,1549109000,53.24,70.76,"I Trimestre",Distribucion,"2025 1"
"Febrero   ",2025,ICE,Residencial,792070,158402366,11570120000,14962550000,73.04,94.46,"I Trimestre",Distribucion,"2025 1"
"Febrero   ",2025,ESPH,Residencial,84387,19330949,1288101000,1561328000,66.63,80.77,"I Trimestre",Distribucion,"2025 1"
"Febrero   ",2025,COOPESANTOS,Residencial,48757,7049850.75,579164800,641206200,82.15,90.95,"I Trimestre",Distribucion,"2025 1"
"Febrero   ",2025,COOPELESCA,Residencial,104504,16950738.99,1293309000,1365904000,76.3,80.58,"I Trimestre",Distribucion,"2025 1"
"Febrero   ",2025,COOPELESCA,"Media tensión a",4,1295727.12,112083800,118430900,86.5,91.4,"I Trimestre",Distribucion,"2025 1"
"Febrero   ",2025,CNFL,"Media tensión a",202,21786812,1433966000,1836647000,65.82,84.3,"I Trimestre",Distribucion,"2025 1"
"Febrero   ",2025,JASEC,Industrial,319,3002146.84,199319590,242728150,66.39,80.85,"I Trimestre",Distribucion,"2025 1"
"Febrero   ",2025,COOPEALFARORUIZ,"Alumbrado Público",0,30513.82,1553153.66,1553153.66,50.9,50.9,"I Trimestre",Distribucion,"2025 1"
"Febrero   ",2025,CNFL,"Alumbrado Público",0,4873266.32,181967112.95,181967112.95,37.34,37.34,"I Trimestre",Distribucion,"2025 1"
"Febrero   ",2025,COOPEGUANACASTE,"Alumbrado Público",0,658996.88,42623918.2,42623918.2,64.68,64.68,"I Trimestre",Distribucion,"2025 1"
"Febrero   ",2025,COOPELESCA,"Alumbrado Público",0,792171.55,39022845.76,39022845.76,49.26,49.26,"I Trimestre",Distribucion,"2025 1"
"Febrero   ",2025,COOPESANTOS,"Alumbrado Público",0,387129,14776426.55,14776426.55,38.17,38.17,"I Trimestre",Distribucion,"2025 1"
"Febrero   ",2025,ESPH,"Alumbrado Público",0,584422.28,31588024.23,31588024.23,54.05,54.05,"I Trimestre",Distribucion,"2025 1"
"Febrero   ",2025,ICE,Industrial,2987,9907859,897225000,1160318700,90.56,117.11,"I Trimestre",Distribucion,"2025 1"
"Febrero   ",2025,ESPH,Industrial,340,3556331,231287460,280351050,65.04,78.83,"I Trimestre",Distribucion,"2025 1"
"Febrero   ",2025,COOPESANTOS,Industrial,202,361905.95,53071210,58760270,146.64,162.36,"I Trimestre",Distribucion,"2025 1"
"Febrero   ",2025,COOPELESCA,Industrial,1681,3751455.54,346789080,366556600,92.44,97.71,"I Trimestre",Distribucion,"2025 1"
"Febrero   ",2025,COOPEGUANACASTE,Industrial,225,1448042.63,122222301,143091107,84.41,98.82,"I Trimestre",Distribucion,"2025 1"
"Febrero   ",2025,COOPEALFARORUIZ,Industrial,23,211304,14079246,17798404,66.63,84.23,"I Trimestre",Distribucion,"2025 1"
"Febrero   ",2025,CNFL,Industrial,1358,5754041,520537390,666760400,90.46,115.88,"I Trimestre",Distribucion,"2025 1"
"Febrero   ",2025,"TOTAL NACIONAL","Comercios y servicios",253386,258870842.13,21898321253.3,27475451349.3,84.59,106.14,"I Trimestre",Distribucion,"2025 1"
"Febrero   ",2025,JASEC,"Comercios y servicios",16174,13736824,970279000,1218484800,70.63,88.7,"I Trimestre",Distribucion,"2025 1"
"Febrero   ",2025,ICE,"Comercios y servicios",111601,92890337,8200369763,10604893886,88.28,114.17,"I Trimestre",Distribucion,"2025 1"
"Febrero   ",2025,ESPH,"Comercios y servicios",11452,15518859,1093388970.3,1325302273.3,70.46,85.4,"I Trimestre",Distribucion,"2025 1"
"Febrero   ",2025,COOPESANTOS,"Comercios y servicios",3953,2136913.73,304748600,337420640,142.61,157.9,"I Trimestre",Distribucion,"2025 1"
"Febrero   ",2025,COOPELESCA,"Comercios y servicios",14419,15381260.38,1345834300,1421688700,87.5,92.43,"I Trimestre",Distribucion,"2025 1"
"Febrero   ",2025,COOPEGUANACASTE,"Comercios y servicios",18457,25362116.07,1992395300,2333147200,78.56,91.99,"I Trimestre",Distribucion,"2025 1"
"Febrero   ",2025,COOPEALFARORUIZ,"Comercios y servicios",1991,793723,52484320,66301850,66.12,83.53,"I Trimestre",Distribucion,"2025 1"
"Febrero   ",2025,CNFL,"Comercios y servicios",75339,93050808.95,7938821000,10168212000,85.32,109.28,"I Trimestre",Distribucion,"2025 1"
"Febrero   ",2025,"TOTAL NACIONAL","Alumbrado Público",0,19756982.66,955977537.55,955977537.55,48.39,48.39,"I Trimestre",Distribucion,"2025 1"
"Febrero   ",2025,JASEC,"Alumbrado Público",0,1147918.66,63121383.45,63121383.45,54.99,54.99,"I Trimestre",Distribucion,"2025 1"
"Febrero   ",2025,ICE,"Alumbrado Público",0,11282564.16,581324672.75,581324672.75,51.52,51.52,"I Trimestre",Distribucion,"2025 1"
"Febrero   ",2025,"TOTAL NACIONAL",Industrial,7135,27993085.96,2384531277,2936364681,85.18,104.9,"I Trimestre",Distribucion,"2025 1"
"Febrero   ",2025,JASEC,"Ventas al servicio de Distribución",0,38675065,1103242190.04,1849095919.47,28.53,47.81,"I Trimestre",Generacion,"2025 1"
"Febrero   ",2025,"TOTAL NACIONAL","Ventas al servicio de Distribución",0,96952090,2818707528.62,4724307288.27,29.07,48.73,"I Trimestre",Generacion,"2025 1"
"Enero     ",2025,COOPEALFARORUIZ,"Ventas al servicio de Distribución",0,1500,-355151.54,14671713.97,-236.77,9781.14,"I Trimestre",Generacion,"2025 1"
"Enero     ",2025,ICE,"Ventas a ICE distribución y a la CNFL",0,439593782.22,12110989285.61,20297360363.07,27.55,46.17,"I Trimestre",Generacion,"2025 1"
"Enero     ",2025,CNFL,"Ventas a ICE distribución y a la CNFL",0,273571847,7719796063.57,12937948389.91,28.22,47.29,"I Trimestre",Generacion,"2025 1"
"Enero     ",2025,"Usuarios Directos","Usuarios Directos",16,39704995,809524000,1253705000,20.39,31.58,"I Trimestre",Generacion,"2025 1"
"Enero     ",2025,"TOTAL NACIONAL","Residencial horaria",8706,4673824,289493005.4,352659811.8,61.94,75.45,"I Trimestre",Distribucion,"2025 1"
"Enero     ",2025,ESPH,"Residencial horaria",12,7249,569566.4,638926.8,78.57,88.14,"I Trimestre",Distribucion,"2025 1"
"Enero     ",2025,ICE,"Residencial horaria",96,57856,5588339,6812785,96.59,117.75,"I Trimestre",Distribucion,"2025 1"
"Enero     ",2025,CNFL,"Residencial horaria",8598,4608719,283335100,345208100,61.48,74.9,"I Trimestre",Distribucion,"2025 1"
"Enero     ",2025,"TOTAL NACIONAL",Residencial,1741848,379413085.48,28299461530,33753877610,74.59,88.96,"I Trimestre",Distribucion,"2025 1"
"Enero     ",2025,"TOTAL NACIONAL","Ventas a ICE distribución y a la CNFL",0,713165629.22,19830785349.18,33235308752.98,27.81,46.6,"I Trimestre",Generacion,"2025 1"
"Enero     ",2025,"TOTAL NACIONAL","Ventas al servicio de Distribución",0,61474927.55,1907977441.28,3213107009.04,31.04,52.27,"I Trimestre",Generacion,"2025 1"
"Enero     ",2025,JASEC,"Ventas al servicio de Distribución",0,36143065,1050438603.95,1760593051.88,29.06,48.71,"I Trimestre",Generacion,"2025 1"
"Enero     ",2025,ESPH,"Ventas al servicio de Distribución",0,15323102,479172490.1,803117452.87,31.27,52.41,"I Trimestre",Generacion,"2025 1"
"Enero     ",2025,COOPESANTOS,"Ventas al servicio de Distribución",0,1500,26744026.64,44822905.16,17829.35,29881.94,"I Trimestre",Generacion,"2025 1"
"Enero     ",2025,COOPELESCA,"Ventas al servicio de Distribución",0,1001.55,62677.18,76760.39,62.58,76.64,"I Trimestre",Generacion,"2025 1"
"Enero     ",2025,COOPEGUANACASTE,"Ventas al servicio de Distribución",0,10004759,351914794.95,589825124.77,35.17,58.95,"I Trimestre",Generacion,"2025 1"
"Enero     ",2025,ICE,Residencial,790671,156093720,12648260000,15427620000,81.03,98.84,"I Trimestre",Distribucion,"2025 1"
"Enero     ",2025,COOPELESCA,"Media tensión a",4,1586439.24,138603300,146060200,87.37,92.07,"I Trimestre",Distribucion,"2025 1"
"Enero     ",2025,CNFL,"Media tensión a",202,23463841,1464411000,1875763000,62.41,79.94,"I Trimestre",Distribucion,"2025 1"
"Enero     ",2025,"TOTAL NACIONAL",Industrial,7881,25762147.11,2385835780,2818331050,92.61,109.4,"I Trimestre",Distribucion,"2025 1"
"Enero     ",2025,JASEC,Industrial,320,2657740.6,160420660,193684800,60.36,72.88,"I Trimestre",Distribucion,"2025 1"
"Enero     ",2025,ICE,Industrial,2987,9144458,907444400,1123200100,99.23,122.83,"I Trimestre",Distribucion,"2025 1"
"Enero     ",2025,ESPH,Industrial,340,3362930,265185410,297974350,78.86,88.61,"I Trimestre",Distribucion,"2025 1"
"Enero     ",2025,COOPESANTOS,Industrial,202,341754.86,49434860,54536140,144.65,159.58,"I Trimestre",Distribucion,"2025 1"
"Enero     ",2025,COOPELESCA,Industrial,1680,3872230.51,366792500,386656300,94.72,99.85,"I Trimestre",Distribucion,"2025 1"
"Enero     ",2025,COOPESANTOS,"Media tensión a",7,1255286.74,94065260,104535100,74.94,83.28,"I Trimestre",Distribucion,"2025 1"
"Enero     ",2025,COOPEGUANACASTE,Industrial,225,755879.14,77646990,85364290,102.72,112.93,"I Trimestre",Distribucion,"2025 1"
"Enero     ",2025,CNFL,Industrial,1420,5047950,520473540,628357200,103.11,124.48,"I Trimestre",Distribucion,"2025 1"
"Enero     ",2025,"TOTAL NACIONAL","Comercios y servicios",250575,248693348.13,22953593885.4,27287450851.8,92.3,109.72,"I Trimestre",Distribucion,"2025 1"
"Enero     ",2025,JASEC,"Comercios y servicios",14577,12522387,708078500,888912800,56.55,70.99,"I Trimestre",Distribucion,"2025 1"
"Enero     ",2025,ICE,"Comercios y servicios",111266,88259762,8626305339,10552653785,97.74,119.56,"I Trimestre",Distribucion,"2025 1"
"Enero     ",2025,ESPH,"Comercios y servicios",11464,15963629,1387942166.4,1569965526.8,86.94,98.35,"I Trimestre",Distribucion,"2025 1"
"Enero     ",2025,COOPESANTOS,"Comercios y servicios",3967,2127172.45,305038500,334905950,143.4,157.44,"I Trimestre",Distribucion,"2025 1"
"Enero     ",2025,COOPELESCA,"Comercios y servicios",14400,16548516.14,1484386900,1563561400,89.7,94.48,"I Trimestre",Distribucion,"2025 1"
"Enero     ",2025,COOPEGUANACASTE,"Comercios y servicios",18353,24494001.59,2096568300,2327380600,85.6,95.02,"I Trimestre",Distribucion,"2025 1"
"Enero     ",2025,COOPEALFARORUIZ,Industrial,707,579204,38437420,48557870,66.36,83.84,"I Trimestre",Distribucion,"2025 1"
"Enero     ",2025,ESPH,"Media tensión a",5,451949,30635560,34366570,67.79,76.04,"I Trimestre",Distribucion,"2025 1"
"Enero     ",2025,ICE,"Media tensión a",548,50993796,3063047000,3872454000,60.07,75.94,"I Trimestre",Distribucion,"2025 1"
"Enero     ",2025,JASEC,"Media tensión a",25,5751795,336461500,375135400,58.5,65.22,"I Trimestre",Distribucion,"2025 1"
"Enero     ",2025,COOPELESCA,Residencial,104115,18770822.36,1505357000,1585251000,80.2,84.45,"I Trimestre",Distribucion,"2025 1"
"Enero     ",2025,COOPEGUANACASTE,Residencial,79573,28541823.16,2287066000,2525004000,80.13,88.47,"I Trimestre",Distribucion,"2025 1"
"Enero     ",2025,COOPEALFARORUIZ,Residencial,6268,1382881,74021230,93574110,53.53,67.67,"I Trimestre",Distribucion,"2025 1"
"Enero     ",2025,CNFL,Residencial,533193,123038808,8433258000,10224220000,68.54,83.1,"I Trimestre",Distribucion,"2025 1"
"Enero     ",2025,"TOTAL NACIONAL",Promocional,32,539060,33504020,42913705,62.15,79.61,"I Trimestre",Distribucion,"2025 1"
"Enero     ",2025,CNFL,Promocional,32,539060,33504020,42913705,62.15,79.61,"I Trimestre",Distribucion,"2025 1"
"Enero     ",2025,"TOTAL NACIONAL",Preferencial,12105,25845209.12,1595764210,1942168390,61.74,75.15,"I Trimestre",Distribucion,"2025 1"
"Enero     ",2025,JASEC,Preferencial,711,754441,36582820,44193960,48.49,58.58,"I Trimestre",Distribucion,"2025 1"
"Enero     ",2025,ICE,Preferencial,6805,12032016,827710800,1033559800,68.79,85.9,"I Trimestre",Distribucion,"2025 1"
"Enero     ",2025,ESPH,Preferencial,918,3609836,221520240,249361080,61.37,69.08,"I Trimestre",Distribucion,"2025 1"
"Enero     ",2025,COOPESANTOS,Preferencial,501,88680.12,10921070,11943950,123.15,134.69,"I Trimestre",Distribucion,"2025 1"
"Enero     ",2025,CNFL,Preferencial,3170,9360236,499029280,603109600,53.31,64.43,"I Trimestre",Distribucion,"2025 1"
"Enero     ",2025,"TOTAL NACIONAL","Media tensión b",355,126513537.48,6232661200,7817794600,49.26,61.79,"I Trimestre",Distribucion,"2025 1"
"Enero     ",2025,ESPH,"Media tensión b",9,6833082,398397800,446926200,58.3,65.41,"I Trimestre",Distribucion,"2025 1"
"Enero     ",2025,ICE,"Media tensión b",192,70004524,3333246000,4284625000,47.61,61.2,"I Trimestre",Distribucion,"2025 1"
"Enero     ",2025,JASEC,"Media tensión b",21,16324645,752088800,932743900,46.07,57.14,"I Trimestre",Distribucion,"2025 1"
"Enero     ",2025,COOPELESCA,"Media tensión b",12,5733549.48,380573600,400938500,66.38,69.93,"I Trimestre",Distribucion,"2025 1"
"Enero     ",2025,CNFL,"Media tensión b",121,27617737,1368355000,1752561000,49.55,63.46,"I Trimestre",Distribucion,"2025 1"
"Enero     ",2025,"TOTAL NACIONAL","Media tensión a",791,83503106.98,5127223620,6408314270,61.4,76.74,"I Trimestre",Distribucion,"2025 1"
"Enero     ",2025,COOPEALFARORUIZ,"Comercios y servicios",1293,447828,29091180,36760790,64.96,82.09,"I Trimestre",Distribucion,"2025 1"
"Enero     ",2025,COOPESANTOS,Residencial,48724,7214797.96,611634300,668425500,84.77,92.65,"I Trimestre",Distribucion,"2025 1"
"Enero     ",2025,CNFL,"Comercios y servicios",75255,88330051.95,8316183000,10013310000,94.15,113.36,"I Trimestre",Distribucion,"2025 1"
"Enero     ",2025,JASEC,"Alumbrado Público",0,1351641.3,75471140.29,75471140.29,55.84,55.84,"I Trimestre",Distribucion,"2025 1"
"Enero     ",2025,ICE,"Alumbrado Público",0,12489818.16,633913950.04,633913950.04,50.75,50.75,"I Trimestre",Distribucion,"2025 1"
"Enero     ",2025,ESPH,"Alumbrado Público",0,647948.42,35021611.83,35021611.83,54.05,54.05,"I Trimestre",Distribucion,"2025 1"
"Enero     ",2025,COOPESANTOS,"Alumbrado Público",0,387129,14776426.55,14776426.55,38.17,38.17,"I Trimestre",Distribucion,"2025 1"
"Enero     ",2025,COOPELESCA,"Alumbrado Público",0,875924.57,43148569.88,43148569.88,49.26,49.26,"I Trimestre",Distribucion,"2025 1"
"Enero     ",2025,COOPEGUANACASTE,"Alumbrado Público",0,730942.49,47277360.25,47277360.25,64.68,64.68,"I Trimestre",Distribucion,"2025 1"
"Enero     ",2025,COOPEALFARORUIZ,"Alumbrado Público",0,33873.88,1691661.57,1691661.57,49.94,49.94,"I Trimestre",Distribucion,"2025 1"
"Enero     ",2025,CNFL,"Alumbrado Público",0,5403943.97,199509790.32,199509790.32,36.92,36.92,"I Trimestre",Distribucion,"2025 1"
"Enero     ",2025,"TOTAL NACIONAL","Alumbrado Público",0,21921221.79,1050810510.73,1050810510.73,47.94,47.94,"I Trimestre",Distribucion,"2025 1"
"Enero     ",2025,ESPH,Residencial,84277,21623025,1648919000,1853092000,76.26,85.7,"I Trimestre",Distribucion,"2025 1"
"Enero     ",2025,JASEC,Residencial,95027,22747208,1090946000,1376691000,47.96,60.52,"I Trimestre",Distribucion,"2025 1"
